Starting Master Setup...
Installing system dependencies...
Hit:1 http://security.ubuntu.com/ubuntu resolute-security InRelease
Hit:2 http://archive.ubuntu.com/ubuntu resolute InRelease
Get:3 https://dl.google.com/linux/chrome-stable/deb stable InRelease [1,825 B]
Hit:4 http://archive.ubuntu.com/ubuntu resolute-updates InRelease
Get:5 https://dl.google.com/linux/chrome-stable/deb stable/main amd64 Packages [1,213 B]
Hit:6 https://us-central1-apt.pkg.dev/projects/antigravity-auto-updater-dev antigravity-debian InRelease
Hit:7 http://archive.ubuntu.com/ubuntu resolute-backports InRelease
Fetched 3,038 B in 2s (1,496 B/s)
Reading package lists...
Reading package lists...
Building dependency tree...
Reading state information...
Solving dependencies...
The following packages were automatically installed and are no longer required:
  linux-headers-7.0.0-14 linux-headers-7.0.0-14-generic
  linux-image-unsigned-7.0.0-14-generic
  linux-main-modules-zfs-7.0.0-14-generic linux-modules-7.0.0-14-generic
  linux-tools-7.0.0-14 linux-tools-7.0.0-14-generic
Use 'sudo apt autoremove' to remove them.
The following additional packages will be installed:
  bridge-utils ca-certificates-java containerd eslint fonts-dejavu-extra gyp
  handlebars java-common javascript-common libada-url0-3 libatk-wrapper-java
  libatk-wrapper-java-jni libexpat1-dev libice-dev libjs-events libjs-inherits
  libjs-prettify libjs-regenerate libjs-source-map libjs-sprintf-js libjs-util
  libllhttp9.3 libnode-dev libnode127 libpython3-dev libpython3.14-dev
  libsimdjson29 libsm-dev libssl-dev libuv1-dev libx11-dev libxau-dev
  libxcb1-dev libxdmcp-dev libxt-dev node-abbrev node-acorn node-agent-base
  node-ajv node-ajv-keywords node-ampproject-remapping node-ansi-escapes
  node-ansi-regex node-ansi-styles node-anymatch node-aproba node-archy
  node-are-we-there-yet node-argparse node-arrify node-assert node-async
  node-async-each node-auto-bind node-babel-helper-define-polyfill-provider
  node-babel-plugin-add-module-exports node-babel-plugin-lodash
  node-babel-plugin-polyfill-corejs2 node-babel-plugin-polyfill-corejs3
  node-babel-plugin-polyfill-regenerator node-babel7 node-babel7-runtime
  node-balanced-match node-base node-base64-js node-binary-extensions
  node-brace-expansion node-braces node-browserslist node-builtins
  node-cacache node-cache-base node-camelcase node-caniuse-lite node-chalk
  node-chokidar node-chownr node-chrome-trace-event node-ci-info
  node-cjs-module-lexer node-cli-boxes node-cli-cursor node-cli-table
  node-cli-truncate node-cliui node-clone node-clone-deep
  node-collection-visit node-color-convert node-color-name node-colors
  node-columnify node-commander node-commondir node-component-emitter
  node-concat-stream node-console-control-strings node-convert-source-map
  node-copy-concurrently node-core-js node-core-js-compat node-core-js-pure
  node-core-util-is node-corepack node-coveralls node-css-loader
  node-css-selector-tokenizer node-data-uri-to-buffer
  node-debbundle-es-to-primitive node-debug node-decamelize
  node-decompress-response node-deep-equal node-deep-is node-defaults
  node-define-properties node-define-property node-defined node-del
  node-delegates node-depd node-diff node-doctrine node-electron-to-chromium
  node-encoding node-enhanced-resolve node-envinfo node-err-code node-errno
  node-error-ex node-es-abstract node-es-module-lexer node-es6-error
  node-escape-string-regexp node-escodegen node-eslint-scope node-eslint-utils
  node-eslint-visitor-keys node-espree node-esprima node-esquery
  node-esrecurse node-estraverse node-esutils node-events node-execa
  node-fancy-log node-fast-deep-equal node-fast-levenshtein node-fetch
  node-file-entry-cache node-fill-range node-find-cache-dir node-find-up
  node-flat-cache node-flatted node-for-in node-for-own node-foreground-child
  node-fs-readdir-recursive node-fs-write-stream-atomic node-function-bind
  node-functional-red-black-tree node-gauge node-get-caller-file
  node-get-stream node-get-value node-glob node-glob-parent node-globals
  node-globby node-got node-graceful-fs node-growl node-gyp node-has-flag
  node-has-unicode node-has-value node-has-values node-hosted-git-info
  node-http-proxy-agent node-https-proxy-agent node-iconv-lite node-icss-utils
  node-ieee754 node-iferr node-ignore node-imurmurhash node-indent-string
  node-inherits node-ini node-interpret node-ip node-ip-regex node-is-arrayish
  node-is-binary-path node-is-buffer node-is-descriptor node-is-extendable
  node-is-extglob node-is-glob node-is-number node-is-path-cwd
  node-is-path-inside node-is-plain-obj node-is-plain-object node-is-primitive
  node-is-stream node-is-windows node-isarray node-isexe node-isobject
  node-istanbul node-jest-debbundle node-jest-worker node-js-tokens
  node-js-yaml node-jsesc node-json-buffer node-json-parse-better-errors
  node-json-schema node-json-schema-traverse node-json-stable-stringify
  node-json5 node-jsonify node-jsonparse node-kind-of node-lcov-parse
  node-levn node-llhttp node-loader-runner node-locate-path node-lodash
  node-lodash-packages node-log-driver node-long node-lowercase-keys
  node-lru-cache node-make-dir node-map-visit node-memfs node-memory-fs
  node-merge-stream node-micromatch node-mime node-mime-types node-mimic-fn
  node-mimic-response node-minimatch node-minimist node-minipass
  node-mixin-deep node-mkdirp node-move-concurrently node-ms node-mute-stream
  node-n3 node-negotiator node-neo-async node-nopt node-normalize-package-data
  node-normalize-path node-npm-bundled node-npm-package-arg node-npm-run-path
  node-npmlog node-object-assign node-object-inspect node-object-visit
  node-once node-opener node-optimist node-optionator node-osenv
  node-p-cancelable node-p-limit node-p-locate node-p-map node-parse-json
  node-pascalcase node-path-dirname node-path-exists node-path-is-absolute
  node-path-is-inside node-path-scurry node-path-type node-picocolors
  node-pify node-pkg-dir node-postcss node-postcss-modules-extract-imports
  node-postcss-modules-values node-postcss-value-parser node-prelude-ls
  node-process-nextick-args node-progress node-promise-inflight
  node-promise-retry node-promzard node-prr node-punycode node-quick-lru
  node-randombytes node-re2 node-read node-read-package-json node-read-pkg
  node-readable-stream node-readdirp node-rechoir node-regenerate
  node-regenerate-unicode-properties node-regenerator-runtime
  node-regenerator-transform node-regexpp node-regexpu-core node-regjsgen
  node-regjsparser node-repeat-string node-require-directory
  node-require-from-string node-resolve node-resolve-cwd node-resolve-from
  node-restore-cursor node-resumer node-retry node-rimraf node-run-queue
  node-safe-buffer node-schema-utils node-semver node-serialize-javascript
  node-set-blocking node-set-immediate-shim node-set-value
  node-shebang-command node-shebang-regex node-shell-quote node-signal-exit
  node-slash node-slice-ansi node-source-list-map node-source-map
  node-source-map-support node-spdx-correct node-spdx-exceptions
  node-spdx-expression-parse node-spdx-license-ids node-sprintf-js node-ssri
  node-stack-utils node-string-decoder node-string-width node-strip-ansi
  node-strip-bom node-strip-eof node-strip-json-comments node-supports-color
  node-tap node-tap-mocha-reporter node-tap-parser node-tapable node-tape
  node-tar node-terser node-text-table node-through node-time-stamp
  node-to-fast-properties node-to-regex-range node-tslib node-type-check
  node-typedarray node-undici node-unicode-canonical-property-names-ecmascript
  node-unicode-match-property-ecmascript
  node-unicode-match-property-value-ecmascript
  node-unicode-property-aliases-ecmascript node-union-value
  node-unique-filename node-unset-value node-util node-util-deprecate
  node-uuid node-v8-compile-cache node-v8flags
  node-validate-npm-package-license node-validate-npm-package-name
  node-watchpack node-wcwidth.js node-webassemblyjs node-webpack-sources
  node-which node-wide-align node-widest-line node-wordwrap node-wrap-ansi
  node-wrappy node-write node-write-file-atomic node-ws node-xtend node-y18n
  node-yallist node-yaml node-yargs node-yargs-parser nodejs-doc
  openjdk-17-jdk-headless openjdk-17-jre openjdk-17-jre-headless pigz
  python3-dev python3-packaging python3-pip-whl python3-setuptools-whl
  python3-wheel python3.14-dev python3.14-venv runc terser ubuntu-fan uuid-dev
  wabt webpack x11proto-dev xorg-sgml-doctools xtrans-dev zlib1g-dev
Suggested packages:
  ifupdown aufs-tools btrfs-progs cgroupfs-mount | cgroup-lite debootstrap
  docker-buildx docker-doc rinse rootlesskit zfs-fuse | zfsutils
  node-babel-eslint node-esprima-fb node-inquirer default-jre apache2
  | lighttpd | httpd libice-doc libjs-angularjs libsm-doc libssl-doc
  libuv1-doc libx11-doc libxcb-doc libxt-doc
  node-babel-plugin-polyfill-es-shims node-babel7-debug livescript chai
  node-jest-diff openjdk-17-demo openjdk-17-source visualvm
  fonts-ipafont-gothic fonts-ipafont-mincho fonts-wqy-microhei
  | fonts-wqy-zenhei fonts-indic
The following NEW packages will be installed:
  bridge-utils ca-certificates-java containerd docker-compose-v2 docker.io
  eslint fonts-dejavu-extra gyp handlebars java-common javascript-common
  libada-url0-3 libatk-wrapper-java libatk-wrapper-java-jni libexpat1-dev
  libice-dev libjs-events libjs-inherits libjs-prettify libjs-regenerate
  libjs-source-map libjs-sprintf-js libjs-util libllhttp9.3 libnode-dev
  libnode127 libpython3-dev libpython3.14-dev libsimdjson29 libsm-dev
  libssl-dev libuv1-dev libx11-dev libxau-dev libxcb1-dev libxdmcp-dev
  libxt-dev node-abbrev node-acorn node-agent-base node-ajv node-ajv-keywords
  node-ampproject-remapping node-ansi-escapes node-ansi-regex node-ansi-styles
  node-anymatch node-aproba node-archy node-are-we-there-yet node-argparse
  node-arrify node-assert node-async node-async-each node-auto-bind
  node-babel-helper-define-polyfill-provider
  node-babel-plugin-add-module-exports node-babel-plugin-lodash
  node-babel-plugin-polyfill-corejs2 node-babel-plugin-polyfill-corejs3
  node-babel-plugin-polyfill-regenerator node-babel7 node-babel7-runtime
  node-balanced-match node-base node-base64-js node-binary-extensions
  node-brace-expansion node-braces node-browserslist node-builtins
  node-cacache node-cache-base node-camelcase node-caniuse-lite node-chalk
  node-chokidar node-chownr node-chrome-trace-event node-ci-info
  node-cjs-module-lexer node-cli-boxes node-cli-cursor node-cli-table
  node-cli-truncate node-cliui node-clone node-clone-deep
  node-collection-visit node-color-convert node-color-name node-colors
  node-columnify node-commander node-commondir node-component-emitter
  node-concat-stream node-console-control-strings node-convert-source-map
  node-copy-concurrently node-core-js node-core-js-compat node-core-js-pure
  node-core-util-is node-corepack node-coveralls node-css-loader
  node-css-selector-tokenizer node-data-uri-to-buffer
  node-debbundle-es-to-primitive node-debug node-decamelize
  node-decompress-response node-deep-equal node-deep-is node-defaults
  node-define-properties node-define-property node-defined node-del
  node-delegates node-depd node-diff node-doctrine node-electron-to-chromium
  node-encoding node-enhanced-resolve node-envinfo node-err-code node-errno
  node-error-ex node-es-abstract node-es-module-lexer node-es6-error
  node-escape-string-regexp node-escodegen node-eslint-scope node-eslint-utils
  node-eslint-visitor-keys node-espree node-esprima node-esquery
  node-esrecurse node-estraverse node-esutils node-events node-execa
  node-fancy-log node-fast-deep-equal node-fast-levenshtein node-fetch
  node-file-entry-cache node-fill-range node-find-cache-dir node-find-up
  node-flat-cache node-flatted node-for-in node-for-own node-foreground-child
  node-fs-readdir-recursive node-fs-write-stream-atomic node-function-bind
  node-functional-red-black-tree node-gauge node-get-caller-file
  node-get-stream node-get-value node-glob node-glob-parent node-globals
  node-globby node-got node-graceful-fs node-growl node-gyp node-has-flag
  node-has-unicode node-has-value node-has-values node-hosted-git-info
  node-http-proxy-agent node-https-proxy-agent node-iconv-lite node-icss-utils
  node-ieee754 node-iferr node-ignore node-imurmurhash node-indent-string
  node-inherits node-ini node-interpret node-ip node-ip-regex node-is-arrayish
  node-is-binary-path node-is-buffer node-is-descriptor node-is-extendable
  node-is-extglob node-is-glob node-is-number node-is-path-cwd
  node-is-path-inside node-is-plain-obj node-is-plain-object node-is-primitive
  node-is-stream node-is-windows node-isarray node-isexe node-isobject
  node-istanbul node-jest-debbundle node-jest-worker node-js-tokens
  node-js-yaml node-jsesc node-json-buffer node-json-parse-better-errors
  node-json-schema node-json-schema-traverse node-json-stable-stringify
  node-json5 node-jsonify node-jsonparse node-kind-of node-lcov-parse
  node-levn node-llhttp node-loader-runner node-locate-path node-lodash
  node-lodash-packages node-log-driver node-long node-lowercase-keys
  node-lru-cache node-make-dir node-map-visit node-memfs node-memory-fs
  node-merge-stream node-micromatch node-mime node-mime-types node-mimic-fn
  node-mimic-response node-minimatch node-minimist node-minipass
  node-mixin-deep node-mkdirp node-move-concurrently node-ms node-mute-stream
  node-n3 node-negotiator node-neo-async node-nopt node-normalize-package-data
  node-normalize-path node-npm-bundled node-npm-package-arg node-npm-run-path
  node-npmlog node-object-assign node-object-inspect node-object-visit
  node-once node-opener node-optimist node-optionator node-osenv
  node-p-cancelable node-p-limit node-p-locate node-p-map node-parse-json
  node-pascalcase node-path-dirname node-path-exists node-path-is-absolute
  node-path-is-inside node-path-scurry node-path-type node-picocolors
  node-pify node-pkg-dir node-postcss node-postcss-modules-extract-imports
  node-postcss-modules-values node-postcss-value-parser node-prelude-ls
  node-process-nextick-args node-progress node-promise-inflight
  node-promise-retry node-promzard node-prr node-punycode node-quick-lru
  node-randombytes node-re2 node-read node-read-package-json node-read-pkg
  node-readable-stream node-readdirp node-rechoir node-regenerate
  node-regenerate-unicode-properties node-regenerator-runtime
  node-regenerator-transform node-regexpp node-regexpu-core node-regjsgen
  node-regjsparser node-repeat-string node-require-directory
  node-require-from-string node-resolve node-resolve-cwd node-resolve-from
  node-restore-cursor node-resumer node-retry node-rimraf node-run-queue
  node-safe-buffer node-schema-utils node-semver node-serialize-javascript
  node-set-blocking node-set-immediate-shim node-set-value
  node-shebang-command node-shebang-regex node-shell-quote node-signal-exit
  node-slash node-slice-ansi node-source-list-map node-source-map
  node-source-map-support node-spdx-correct node-spdx-exceptions
  node-spdx-expression-parse node-spdx-license-ids node-sprintf-js node-ssri
  node-stack-utils node-string-decoder node-string-width node-strip-ansi
  node-strip-bom node-strip-eof node-strip-json-comments node-supports-color
  node-tap node-tap-mocha-reporter node-tap-parser node-tapable node-tape
  node-tar node-terser node-text-table node-through node-time-stamp
  node-to-fast-properties node-to-regex-range node-tslib node-type-check
  node-typedarray node-undici node-unicode-canonical-property-names-ecmascript
  node-unicode-match-property-ecmascript
  node-unicode-match-property-value-ecmascript
  node-unicode-property-aliases-ecmascript node-union-value
  node-unique-filename node-unset-value node-util node-util-deprecate
  node-uuid node-v8-compile-cache node-v8flags
  node-validate-npm-package-license node-validate-npm-package-name
  node-watchpack node-wcwidth.js node-webassemblyjs node-webpack-sources
  node-which node-wide-align node-widest-line node-wordwrap node-wrap-ansi
  node-wrappy node-write node-write-file-atomic node-ws node-xtend node-y18n
  node-yallist node-yaml node-yargs node-yargs-parser nodejs nodejs-doc npm
  openjdk-17-jdk openjdk-17-jdk-headless openjdk-17-jre
  openjdk-17-jre-headless pigz python3-dev python3-packaging python3-pip
  python3-pip-whl python3-setuptools-whl python3-venv python3-wheel
  python3.14-dev python3.14-venv runc terser ubuntu-fan uuid-dev wabt webpack
  x11proto-dev xorg-sgml-doctools xtrans-dev zlib1g-dev
0 upgraded, 437 newly installed, 0 to remove and 0 not upgraded.
Need to get 268 MB of archives.
After this operation, 931 MB of additional disk space will be used.
Get:1 http://archive.ubuntu.com/ubuntu resolute/universe amd64 pigz amd64 2.8-1build1 [66.8 kB]
Get:2 http://archive.ubuntu.com/ubuntu resolute/main amd64 bridge-utils amd64 1.7.1-4ubuntu3 [34.5 kB]
Get:3 http://archive.ubuntu.com/ubuntu resolute/main amd64 ca-certificates-java all 20260311 [11.3 kB]
Get:4 http://archive.ubuntu.com/ubuntu resolute/main amd64 runc amd64 1.4.0-0ubuntu1 [9,828 kB]
Get:5 http://archive.ubuntu.com/ubuntu resolute/main amd64 containerd amd64 2.2.2-0ubuntu1 [28.0 MB]
Get:6 http://archive.ubuntu.com/ubuntu resolute/universe amd64 docker-compose-v2 amd64 2.40.3+ds1-0ubuntu1 [14.8 MB]
Get:7 http://archive.ubuntu.com/ubuntu resolute-updates/universe amd64 docker.io amd64 29.1.3-0ubuntu4.1 [35.5 MB]
Get:8 http://archive.ubuntu.com/ubuntu resolute/universe amd64 node-fast-deep-equal all 3.1.3-3 [5,844 B]
Get:9 http://archive.ubuntu.com/ubuntu resolute/universe amd64 node-json-schema-traverse all 1.0.0-3 [6,338 B]
Get:10 http://archive.ubuntu.com/ubuntu resolute/universe amd64 node-jsonify all 0.0.1-1 [6,724 B]
Get:11 http://archive.ubuntu.com/ubuntu resolute/universe amd64 node-json-stable-stringify all 1.0.2+repack1+~cs1.0.34-2 [7,270 B]
Get:12 http://archive.ubuntu.com/ubuntu resolute/universe amd64 libada-url0-3 amd64 3.4.3-1 [241 kB]
Get:13 http://archive.ubuntu.com/ubuntu resolute/universe amd64 libllhttp9.3 amd64 9.3.3~really9.3.0+~cs12.11.8-3build1 [30.3 kB]
Get:14 http://archive.ubuntu.com/ubuntu resolute/universe amd64 libsimdjson29 amd64 4.2.4-1 [82.1 kB]
Get:15 http://archive.ubuntu.com/ubuntu resolute/universe amd64 node-xtend all 4.0.2-3 [3,902 B]
Get:16 http://archive.ubuntu.com/ubuntu resolute/universe amd64 node-acorn all 8.16.0+ds+~cs25.18.7-4 [121 kB]
Get:17 http://archive.ubuntu.com/ubuntu resolute/universe amd64 node-cjs-module-lexer all 1.2.3+dfsg-1 [32.1 kB]
Get:18 http://archive.ubuntu.com/ubuntu resolute/universe amd64 node-balanced-match all 2.0.0-1 [4,910 B]
Get:19 http://archive.ubuntu.com/ubuntu resolute/universe amd64 node-brace-expansion all 2.0.1+~1.1.0-2 [8,172 B]
Get:20 http://archive.ubuntu.com/ubuntu resolute/universe amd64 node-minimatch all 9.0.3-6 [78.0 kB]
Get:21 http://archive.ubuntu.com/ubuntu resolute/universe amd64 node-ms all 2.1.3+~cs0.7.31-3 [5,738 B]
Get:22 http://archive.ubuntu.com/ubuntu resolute/universe amd64 node-debug all 4.4.3+~4.1.13-1 [16.8 kB]
Get:23 http://archive.ubuntu.com/ubuntu resolute/universe amd64 node-lru-cache all 10.0.1-3 [61.9 kB]
Get:24 http://archive.ubuntu.com/ubuntu resolute/universe amd64 node-semver all 7.6.1+~7.5.8-2 [45.2 kB]
Get:25 http://archive.ubuntu.com/ubuntu resolute/universe amd64 node-llhttp all 9.3.3~really9.3.0+~cs12.11.8-3build1 [159 kB]
Get:26 http://archive.ubuntu.com/ubuntu resolute/universe amd64 node-undici all 7.18.2+dfsg+~cs3.2.0-1build1 [394 kB]
Get:27 http://archive.ubuntu.com/ubuntu resolute/universe amd64 libnode127 amd64 22.22.1+dfsg+~cs22.19.15-1ubuntu1 [16.2 MB]
Get:28 http://archive.ubuntu.com/ubuntu resolute/universe amd64 node-corepack all 0.24.0-5build1 [761 kB]
Get:29 http://archive.ubuntu.com/ubuntu resolute/universe amd64 nodejs amd64 22.22.1+dfsg+~cs22.19.15-1ubuntu1 [367 kB]
Get:30 http://archive.ubuntu.com/ubuntu resolute/universe amd64 node-ajv all 8.17.1~ds+~3.0.1+~3.1.0-4build1 [194 kB]
Get:31 http://archive.ubuntu.com/ubuntu resolute/universe amd64 libjs-inherits all 2.0.4-6 [3,412 B]
Get:32 http://archive.ubuntu.com/ubuntu resolute/universe amd64 node-inherits all 2.0.4-6 [3,004 B]
Get:33 http://archive.ubuntu.com/ubuntu resolute/universe amd64 node-core-util-is all 1.0.3-1 [4,066 B]
Get:34 http://archive.ubuntu.com/ubuntu resolute/universe amd64 node-safe-buffer all 5.2.1+~cs2.1.2-3 [15.8 kB]
Get:35 http://archive.ubuntu.com/ubuntu resolute/universe amd64 node-string-decoder all 1.3.0-6 [7,044 B]
Get:36 http://archive.ubuntu.com/ubuntu resolute/universe amd64 node-process-nextick-args all 2.0.1-3 [3,804 B]
Get:37 http://archive.ubuntu.com/ubuntu resolute/universe amd64 node-util-deprecate all 1.0.2-4 [4,250 B]
Get:38 http://archive.ubuntu.com/ubuntu resolute/universe amd64 node-isarray all 2.0.5-4 [4,024 B]
Get:39 http://archive.ubuntu.com/ubuntu resolute/universe amd64 node-readable-stream all 3.6.0+~cs3.0.0-4build1 [32.4 kB]
Get:40 http://archive.ubuntu.com/ubuntu resolute/universe amd64 node-typedarray all 0.0.7-1 [9,584 B]
Get:41 http://archive.ubuntu.com/ubuntu resolute/universe amd64 node-concat-stream all 2.0.0+~2.0.3-1 [6,166 B]
Get:42 http://archive.ubuntu.com/ubuntu resolute/universe amd64 node-esutils all 2.0.3+~2.0.2-2 [12.6 kB]
Get:43 http://archive.ubuntu.com/ubuntu resolute/universe amd64 node-doctrine all 3.0.0-4 [18.3 kB]
Get:44 http://archive.ubuntu.com/ubuntu resolute/universe amd64 node-eslint-visitor-keys all 3.3.0+~1.0.0-2 [14.6 kB]
Get:45 http://archive.ubuntu.com/ubuntu resolute/universe amd64 node-estraverse all 5.3.0+ds+~5.1.1-1 [11.9 kB]
Get:46 http://archive.ubuntu.com/ubuntu resolute/universe amd64 node-object-assign all 4.1.1-7 [4,686 B]
Get:47 http://archive.ubuntu.com/ubuntu resolute/universe amd64 node-esrecurse all 4.3.0-2 [6,136 B]
Get:48 http://archive.ubuntu.com/ubuntu resolute/universe amd64 node-eslint-scope all 7.1.1+~3.7.4-1 [31.5 kB]
Get:49 http://archive.ubuntu.com/ubuntu resolute/universe amd64 node-espree all 9.4.1~dfsg-2 [21.0 kB]
Get:50 http://archive.ubuntu.com/ubuntu resolute/universe amd64 node-esquery all 1.4.2~ds-2 [26.0 kB]
Get:51 http://archive.ubuntu.com/ubuntu resolute/universe amd64 node-eslint-utils all 3.0.0-4 [15.9 kB]
Get:52 http://archive.ubuntu.com/ubuntu resolute/universe amd64 node-flatted all 3.4.2~ds-1 [9,230 B]
Get:53 http://archive.ubuntu.com/ubuntu resolute/universe amd64 node-iconv-lite all 0.6.3-3 [158 kB]
Get:54 http://archive.ubuntu.com/ubuntu resolute/universe amd64 node-encoding all 0.1.13-2 [4,366 B]
Get:55 http://archive.ubuntu.com/ubuntu resolute/universe amd64 node-jsonparse all 1.3.1-10 [8,060 B]
Get:56 http://archive.ubuntu.com/ubuntu resolute/universe amd64 node-yallist all 4.0.0+~4.0.1-2 [8,214 B]
Get:57 http://archive.ubuntu.com/ubuntu resolute/universe amd64 node-minipass all 5.0.0+~cs13.3.24-1build1 [48.5 kB]
Get:58 http://archive.ubuntu.com/ubuntu resolute/universe amd64 node-path-scurry all 1.9.2-2 [45.7 kB]
Get:59 http://archive.ubuntu.com/ubuntu resolute/universe amd64 node-glob all 10.3.6+~cs0.4.15-8build1 [165 kB]
Get:60 http://archive.ubuntu.com/ubuntu resolute/universe amd64 node-rimraf all 4.4.1-6 [39.3 kB]
Get:61 http://archive.ubuntu.com/ubuntu resolute/universe amd64 node-write all 2.0.0~6.0.1+~3.0.4+~2.0.0+~1.0.0+~2.0.1-5 [15.9 kB]
Get:62 http://archive.ubuntu.com/ubuntu resolute/universe amd64 node-flat-cache all 3.0.4~6.0.1+~3.0.4+~2.0.0+~1.0.0+~2.0.1-5 [9,220 B]
Get:63 http://archive.ubuntu.com/ubuntu resolute/universe amd64 node-file-entry-cache all 6.0.1+~3.0.4+~2.0.0+~1.0.0+~2.0.1-5 [12.4 kB]
Get:64 http://archive.ubuntu.com/ubuntu resolute/universe amd64 node-functional-red-black-tree all 1.0.1+20181105-8 [14.8 kB]
Get:65 http://archive.ubuntu.com/ubuntu resolute/universe amd64 node-is-extglob all 2.1.1-5 [4,624 B]
Get:66 http://archive.ubuntu.com/ubuntu resolute/universe amd64 node-is-glob all 4.0.3-2 [6,706 B]
Get:67 http://archive.ubuntu.com/ubuntu resolute/universe amd64 node-path-dirname all 1.0.2-2 [4,326 B]
Get:68 http://archive.ubuntu.com/ubuntu resolute/universe amd64 node-glob-parent all 6.0.2+~5.1.3-1 [6,520 B]
Get:69 http://archive.ubuntu.com/ubuntu resolute/universe amd64 node-globals all 13.23.0-1 [11.7 kB]
Get:70 http://archive.ubuntu.com/ubuntu resolute/universe amd64 node-resolve-from all 5.0.0+~3.1.0+~3.3.0+~2.0.0-1 [7,332 B]
Get:71 http://archive.ubuntu.com/ubuntu resolute/universe amd64 node-imurmurhash all 0.1.4+dfsg+~0.1.1-2 [8,504 B]
Get:72 http://archive.ubuntu.com/ubuntu resolute/universe amd64 node-ignore all 5.2.1-1 [24.2 kB]
Get:73 http://archive.ubuntu.com/ubuntu resolute/universe amd64 node-prelude-ls all 1.2.1+dfsg-3 [9,812 B]
Get:74 http://archive.ubuntu.com/ubuntu resolute/universe amd64 node-type-check all 0.4.0+dfsg-3 [9,318 B]
Get:75 http://archive.ubuntu.com/ubuntu resolute/universe amd64 node-levn all 0.4.1+dfsg-2 [10.3 kB]
Get:76 http://archive.ubuntu.com/ubuntu resolute/universe amd64 node-lodash all 4.17.23+dfsg-1 [473 kB]
Get:77 http://archive.ubuntu.com/ubuntu resolute/universe amd64 node-memfs all 3.4.12+~cs1.0.3-1 [41.0 kB]
Get:78 http://archive.ubuntu.com/ubuntu resolute/universe amd64 node-mkdirp all 2.1.6+~cs5.2.1-5 [23.3 kB]
Get:79 http://archive.ubuntu.com/ubuntu resolute/universe amd64 node-deep-is all 0.1.4-1 [5,158 B]
Get:80 http://archive.ubuntu.com/ubuntu resolute/universe amd64 node-fast-levenshtein all 2.0.6+ds-3 [6,084 B]
Get:81 http://archive.ubuntu.com/ubuntu resolute/universe amd64 node-optionator all 0.9.1+dfsg+~cs1.2.3-1 [17.1 kB]
Get:82 http://archive.ubuntu.com/ubuntu resolute/universe amd64 node-progress all 2.0.3-2 [6,704 B]
Get:83 http://archive.ubuntu.com/ubuntu resolute/universe amd64 libjs-regenerate all 1.4.2-3 [14.7 kB]
Get:84 http://archive.ubuntu.com/ubuntu resolute/universe amd64 node-regenerate all 1.4.2-3 [2,340 B]
Get:85 http://archive.ubuntu.com/ubuntu resolute/universe amd64 node-regenerate-unicode-properties all 10.2.2+ds-2 [56.5 kB]
Get:86 http://archive.ubuntu.com/ubuntu resolute/universe amd64 node-regexpp all 3.2.0-7 [27.9 kB]
Get:87 http://archive.ubuntu.com/ubuntu resolute/universe amd64 node-strip-json-comments all 4.0.0-4 [5,656 B]
Get:88 http://archive.ubuntu.com/ubuntu resolute/universe amd64 node-json-schema all 0.4.0+~7.0.15-1 [12.7 kB]
Get:89 http://archive.ubuntu.com/ubuntu resolute/universe amd64 node-v8-compile-cache all 2.4.0-4 [7,760 B]
Get:90 http://archive.ubuntu.com/ubuntu resolute/universe amd64 eslint all 6.4.0~dfsg+~6.1.9-12 [354 kB]
Get:91 http://archive.ubuntu.com/ubuntu resolute/main amd64 fonts-dejavu-extra all 2.37-8build1 [1,944 kB]
Get:92 http://archive.ubuntu.com/ubuntu resolute/main amd64 python3-packaging all 26.0-1 [58.7 kB]
Get:93 http://archive.ubuntu.com/ubuntu resolute/universe amd64 gyp all 0.16.2-2build1 [254 kB]
Get:94 http://archive.ubuntu.com/ubuntu resolute/universe amd64 node-neo-async all 2.6.2+~cs3.0.0-3 [42.9 kB]
Get:95 http://archive.ubuntu.com/ubuntu resolute/universe amd64 node-arrify all 2.0.1-3 [3,688 B]
Get:96 http://archive.ubuntu.com/ubuntu resolute/universe amd64 node-is-plain-obj all 3.0.0-2 [3,994 B]
Get:97 http://archive.ubuntu.com/ubuntu resolute/universe amd64 node-is-buffer all 2.0.5-2 [4,128 B]
Get:98 http://archive.ubuntu.com/ubuntu resolute/universe amd64 node-kind-of all 6.0.3+dfsg-2 [8,628 B]
Get:99 http://archive.ubuntu.com/ubuntu resolute/universe amd64 node-minimist all 1.2.8+~cs5.3.5-1 [10.2 kB]
Get:100 http://archive.ubuntu.com/ubuntu resolute/universe amd64 node-wordwrap all 1.0.0-4 [4,644 B]
Get:101 http://archive.ubuntu.com/ubuntu resolute/universe amd64 node-optimist all 0.6.1+~0.0.30-2 [13.8 kB]
Get:102 http://archive.ubuntu.com/ubuntu resolute/universe amd64 libjs-source-map all 0.7.0++dfsg2+really.0.6.1-15 [27.1 kB]
Get:103 http://archive.ubuntu.com/ubuntu resolute/universe amd64 node-source-map all 0.7.0++dfsg2+really.0.6.1-15 [42.8 kB]
Get:104 http://archive.ubuntu.com/ubuntu resolute/universe amd64 handlebars all 3:4.7.7+~4.1.0-1 [211 kB]
Get:105 http://archive.ubuntu.com/ubuntu resolute/main amd64 java-common all 0.77 [6,682 B]
Get:106 http://archive.ubuntu.com/ubuntu resolute/main amd64 javascript-common all 12+nmu1build1 [4,864 B]
Get:107 http://archive.ubuntu.com/ubuntu resolute/main amd64 libatk-wrapper-java all 0.44.0-1 [55.2 kB]
Get:108 http://archive.ubuntu.com/ubuntu resolute/main amd64 libatk-wrapper-java-jni amd64 0.44.0-1 [48.0 kB]
Get:109 http://archive.ubuntu.com/ubuntu resolute/main amd64 libexpat1-dev amd64 2.7.4-1 [145 kB]
Get:110 http://archive.ubuntu.com/ubuntu resolute/main amd64 xorg-sgml-doctools all 1:1.11-1.1build1 [10.3 kB]
Get:111 http://archive.ubuntu.com/ubuntu resolute/main amd64 x11proto-dev all 2025.1-1 [608 kB]
Get:112 http://archive.ubuntu.com/ubuntu resolute/main amd64 libice-dev amd64 2:1.1.1-1build1 [53.5 kB]
Get:113 http://archive.ubuntu.com/ubuntu resolute/universe amd64 libjs-events all 3.3.0+~3.0.3-1 [9,346 B]
Get:114 http://archive.ubuntu.com/ubuntu resolute/universe amd64 libjs-prettify all 2015.12.04+dfsg-3 [41.4 kB]
Get:115 http://archive.ubuntu.com/ubuntu resolute/universe amd64 libjs-sprintf-js all 1.1.3+ds1+~1.1.4-2 [12.8 kB]
Get:116 http://archive.ubuntu.com/ubuntu resolute/universe amd64 node-lodash-packages all 4.17.23+dfsg-1 [177 kB]
Get:117 http://archive.ubuntu.com/ubuntu resolute/universe amd64 node-function-bind all 1.1.2+~cs2.1.14-2 [7,068 B]
Get:118 http://archive.ubuntu.com/ubuntu resolute/universe amd64 node-object-inspect all 1.12.2+~cs1.8.1-1 [11.4 kB]
Get:119 http://archive.ubuntu.com/ubuntu resolute/universe amd64 node-es-abstract all 1.20.4+~cs26.27.47-2 [139 kB]
Get:120 http://archive.ubuntu.com/ubuntu resolute/universe amd64 node-resolve all 1.22.10+~cs5.37.15-1 [23.5 kB]
Get:121 http://archive.ubuntu.com/ubuntu resolute/universe amd64 node-define-properties all 1.2.1+~cs2.2.3-1 [7,472 B]
Get:122 http://archive.ubuntu.com/ubuntu resolute/universe amd64 node-debbundle-es-to-primitive all 1.2.1+~cs9.7.25-2 [14.1 kB]
Get:123 http://archive.ubuntu.com/ubuntu resolute/universe amd64 node-isobject all 4.0.0-2 [5,374 B]
Get:124 http://archive.ubuntu.com/ubuntu resolute/universe amd64 node-is-descriptor all 3.0.0-2 [5,606 B]
Get:125 http://archive.ubuntu.com/ubuntu resolute/universe amd64 node-define-property all 2.0.2+really+2.0.2-3 [5,846 B]
Get:126 http://archive.ubuntu.com/ubuntu resolute/universe amd64 node-defined all 1.0.1+~1.0.2-1 [5,404 B]
Get:127 http://archive.ubuntu.com/ubuntu resolute/universe amd64 node-abbrev all 1.1.1+~1.1.2-1 [5,784 B]
Get:128 http://archive.ubuntu.com/ubuntu resolute/universe amd64 node-archy all 1.0.0-7 [4,730 B]
Get:129 http://archive.ubuntu.com/ubuntu resolute/universe amd64 node-async all 3.2.6+dfsg-3 [87.7 kB]
Get:130 http://archive.ubuntu.com/ubuntu resolute/universe amd64 node-convert-source-map all 2.0.0+~2.0.3-2 [9,274 B]
Get:131 http://archive.ubuntu.com/ubuntu resolute/universe amd64 node-decamelize all 4.0.0-2 [4,016 B]
Get:132 http://archive.ubuntu.com/ubuntu resolute/universe amd64 node-es6-error all 4.1.1-5 [5,802 B]
Get:133 http://archive.ubuntu.com/ubuntu resolute/universe amd64 node-esprima all 4.0.1+ds+~4.0.3-2 [69.3 kB]
Get:134 http://archive.ubuntu.com/ubuntu resolute/universe amd64 node-picocolors all 1.1.1-1 [6,640 B]
Get:135 http://archive.ubuntu.com/ubuntu resolute/universe amd64 node-postcss all 8.5.8+~cs9.3.30-1 [177 kB]
Get:136 http://archive.ubuntu.com/ubuntu resolute/universe amd64 node-escodegen all 2.1.0+dfsg+~0.0.10-2 [22.9 kB]
Get:137 http://archive.ubuntu.com/ubuntu resolute/universe amd64 node-commondir all 1.0.1+~1.0.0-1 [4,400 B]
Get:138 http://archive.ubuntu.com/ubuntu resolute/universe amd64 node-is-number all 7.0.0-4 [5,894 B]
Get:139 http://archive.ubuntu.com/ubuntu resolute/universe amd64 node-repeat-string all 1.6.1+repack-1 [5,660 B]
Get:140 http://archive.ubuntu.com/ubuntu resolute/universe amd64 node-to-regex-range all 5.0.1-4 [10.7 kB]
Get:141 http://archive.ubuntu.com/ubuntu resolute/universe amd64 node-fill-range all 7.1.1+~7.0.3-1 [8,928 B]
Get:142 http://archive.ubuntu.com/ubuntu resolute/universe amd64 node-braces all 3.0.3+~3.0.5-1 [19.2 kB]
Get:143 http://archive.ubuntu.com/ubuntu resolute/universe amd64 node-normalize-path all 3.0.0+~3.0.2-1 [6,622 B]
Get:144 http://archive.ubuntu.com/ubuntu resolute/universe amd64 node-anymatch all 3.1.3+~cs8.0.6-1 [32.7 kB]
Get:145 http://archive.ubuntu.com/ubuntu resolute/universe amd64 node-micromatch all 4.0.8+~4.0.10-2 [22.7 kB]
Get:146 http://archive.ubuntu.com/ubuntu resolute/universe amd64 node-pify all 5.0.0+~cs5.0.1-1 [7,148 B]
Get:147 http://archive.ubuntu.com/ubuntu resolute/universe amd64 node-path-type all 4.0.0-3 [3,934 B]
Get:148 http://archive.ubuntu.com/ubuntu resolute/universe amd64 node-n3 all 1.16.3+~1.2.3+~1.10.4-3 [38.0 kB]
Get:149 http://archive.ubuntu.com/ubuntu resolute/universe amd64 node-slash all 5.1.0-2build1 [3,970 B]
Get:150 http://archive.ubuntu.com/ubuntu resolute/universe amd64 node-globby all 13.1.3+~cs16.25.40-4 [40.1 kB]
Get:151 http://archive.ubuntu.com/ubuntu resolute/universe amd64 node-graceful-fs all 4.2.11-1 [13.8 kB]
Get:152 http://archive.ubuntu.com/ubuntu resolute/universe amd64 node-is-path-cwd all 2.2.0-2 [3,650 B]
Get:153 http://archive.ubuntu.com/ubuntu resolute/universe amd64 node-path-is-inside all 1.0.2+~1.0.3-1 [5,200 B]
Get:154 http://archive.ubuntu.com/ubuntu resolute/universe amd64 node-is-path-inside all 3.0.3-2 [3,982 B]
Get:155 http://archive.ubuntu.com/ubuntu resolute/universe amd64 node-escape-string-regexp all 4.0.0-2 [4,328 B]
Get:156 http://archive.ubuntu.com/ubuntu resolute/universe amd64 node-indent-string all 4.0.0-2 [4,122 B]
Get:157 http://archive.ubuntu.com/ubuntu resolute/universe amd64 node-p-map all 4.0.0+~3.1.0+~3.0.1-2 [8,048 B]
Get:158 http://archive.ubuntu.com/ubuntu resolute/universe amd64 node-del all 7.1.0-2 [8,070 B]
Get:159 http://archive.ubuntu.com/ubuntu resolute/universe amd64 node-make-dir all 3.1.0-3 [6,096 B]
Get:160 http://archive.ubuntu.com/ubuntu resolute/universe amd64 node-p-limit all 4.0.0+~cs4.0.0-5 [7,722 B]
Get:161 http://archive.ubuntu.com/ubuntu resolute/universe amd64 node-p-locate all 6.0.0-14 [5,486 B]
Get:162 http://archive.ubuntu.com/ubuntu resolute/universe amd64 node-locate-path all 7.1.1-2 [5,448 B]
Get:163 http://archive.ubuntu.com/ubuntu resolute/universe amd64 node-path-exists all 5.0.0-9 [4,734 B]
Get:164 http://archive.ubuntu.com/ubuntu resolute/universe amd64 node-find-up all 6.3.0-8 [9,782 B]
Get:165 http://archive.ubuntu.com/ubuntu resolute/universe amd64 node-pkg-dir all 5.0.0-2 [4,270 B]
Get:166 http://archive.ubuntu.com/ubuntu resolute/universe amd64 node-find-cache-dir all 3.3.2+~3.2.1-1 [6,210 B]
Get:167 http://archive.ubuntu.com/ubuntu resolute/universe amd64 node-signal-exit all 4.1.0-8 [13.9 kB]
Get:168 http://archive.ubuntu.com/ubuntu resolute/universe amd64 node-foreground-child all 4.0.3-1 [15.0 kB]
Get:169 http://archive.ubuntu.com/ubuntu resolute/universe amd64 node-is-stream all 3.0.0-5 [5,094 B]
Get:170 http://archive.ubuntu.com/ubuntu resolute/universe amd64 node-is-windows all 1.0.2+~cs1.0.0-1 [5,980 B]
Get:171 http://archive.ubuntu.com/ubuntu resolute/universe amd64 node-ampproject-remapping all 2.2.0+~cs5.15.37-1 [62.4 kB]
Get:172 http://archive.ubuntu.com/ubuntu resolute/universe amd64 node-sprintf-js all 1.1.3+ds1+~1.1.4-2 [3,924 B]
Get:173 http://archive.ubuntu.com/ubuntu resolute/universe amd64 node-argparse all 2.0.1-3 [32.9 kB]
Get:174 http://archive.ubuntu.com/ubuntu resolute/universe amd64 node-js-yaml all 4.1.1+dfsg+~4.0.9-1 [61.3 kB]
Get:175 http://archive.ubuntu.com/ubuntu resolute/universe amd64 node-nopt all 9.0.0-1build1 [12.6 kB]
Get:176 http://archive.ubuntu.com/ubuntu resolute/universe amd64 node-wrappy all 1.0.2-3 [3,732 B]
Get:177 http://archive.ubuntu.com/ubuntu resolute/universe amd64 node-once all 1.4.1-1 [4,664 B]
Get:178 http://archive.ubuntu.com/ubuntu resolute/universe amd64 node-npm-run-path all 5.1.0+~4.0.0-9 [5,800 B]
Get:179 http://archive.ubuntu.com/ubuntu resolute/universe amd64 node-shebang-regex all 3.0.0-2 [3,504 B]
Get:180 http://archive.ubuntu.com/ubuntu resolute/universe amd64 node-shebang-command all 2.0.0-1 [3,456 B]
Get:181 http://archive.ubuntu.com/ubuntu resolute/universe amd64 node-strip-bom all 4.0.0-2 [4,158 B]
Get:182 http://archive.ubuntu.com/ubuntu resolute/universe amd64 node-has-flag all 5.0.1-1 [4,444 B]
Get:183 http://archive.ubuntu.com/ubuntu resolute/universe amd64 node-supports-color all 10.2.2+ds-3 [6,984 B]
Get:184 http://archive.ubuntu.com/ubuntu resolute/universe amd64 node-util all 0.12.5+~1.0.10-2 [3,784 B]
Get:185 http://archive.ubuntu.com/ubuntu resolute/universe amd64 node-assert all 2.0.0+~cs3.9.8-2 [26.2 kB]
Get:186 http://archive.ubuntu.com/ubuntu resolute/universe amd64 node-babel-plugin-add-module-exports all 1.0.4+dfsg1~cs5.8.0-4 [8,860 B]
Get:187 http://archive.ubuntu.com/ubuntu resolute/universe amd64 node-regenerator-runtime all 0.15.2+~0.10.8-1 [10.9 kB]
Get:188 http://archive.ubuntu.com/ubuntu resolute/universe amd64 node-babel7-runtime all 7.20.15+ds1+~cs214.269.168-16 [36.8 kB]
Get:189 http://archive.ubuntu.com/ubuntu resolute/universe amd64 node-babel-helper-define-polyfill-provider all 0.3.3~0~20220913+ds1-1 [28.4 kB]
Get:190 http://archive.ubuntu.com/ubuntu resolute/universe amd64 node-babel-plugin-polyfill-corejs2 all 0.3.3~0~20220913+ds1-1 [17.2 kB]
Get:191 http://archive.ubuntu.com/ubuntu resolute/universe amd64 node-caniuse-lite all 1.0.30001780+dfsg+~1.0.5-1 [241 kB]
Get:192 http://archive.ubuntu.com/ubuntu resolute/universe amd64 node-electron-to-chromium all 1.5.322-1 [25.5 kB]
Get:193 http://archive.ubuntu.com/ubuntu resolute/universe amd64 node-browserslist all 4.28.1+~cs8.14.48-1 [86.9 kB]
Get:194 http://archive.ubuntu.com/ubuntu resolute/universe amd64 node-core-js-compat all 3.33.2-1build2 [39.1 kB]
Get:195 http://archive.ubuntu.com/ubuntu resolute/universe amd64 node-babel-plugin-polyfill-corejs3 all 0.6.0~0~20220913+ds1-1 [30.2 kB]
Get:196 http://archive.ubuntu.com/ubuntu resolute/universe amd64 node-babel-plugin-polyfill-regenerator all 0.4.1~0~20220913+ds1-1 [4,366 B]
Get:197 http://archive.ubuntu.com/ubuntu resolute/universe amd64 node-color-name all 1.1.4+~1.1.1-2 [6,076 B]
Get:198 http://archive.ubuntu.com/ubuntu resolute/universe amd64 node-color-convert all 2.0.1+~cs2.0.0-2 [12.8 kB]
Get:199 http://archive.ubuntu.com/ubuntu resolute/universe amd64 node-ansi-styles all 6.2.3-1 [8,492 B]
Get:200 http://archive.ubuntu.com/ubuntu resolute/universe amd64 node-chalk all 5.6.2+dfsg-5build3 [14.7 kB]
Get:201 http://archive.ubuntu.com/ubuntu resolute/universe amd64 node-for-in all 1.0.2-4 [4,856 B]
Get:202 http://archive.ubuntu.com/ubuntu resolute/universe amd64 node-for-own all 1.0.0-3 [4,708 B]
Get:203 http://archive.ubuntu.com/ubuntu resolute/universe amd64 node-is-plain-object all 5.0.0-8 [6,292 B]
Get:204 http://archive.ubuntu.com/ubuntu resolute/universe amd64 node-is-extendable all 1.0.1-3 [5,258 B]
Get:205 http://archive.ubuntu.com/ubuntu resolute/universe amd64 node-clone-deep all 4.0.1+~cs7.0.2-1 [6,822 B]
Get:206 http://archive.ubuntu.com/ubuntu resolute/universe amd64 node-commander all 14.0.3-7 [60.9 kB]
Get:207 http://archive.ubuntu.com/ubuntu resolute/universe amd64 node-core-js all 3.33.2-1build2 [270 kB]
Get:208 http://archive.ubuntu.com/ubuntu resolute/universe amd64 node-core-js-pure all 3.33.2-1build2 [250 kB]
Get:209 http://archive.ubuntu.com/ubuntu resolute/universe amd64 node-fs-readdir-recursive all 1.1.0+~1.1.3-1 [4,582 B]
Get:210 http://archive.ubuntu.com/ubuntu resolute/universe amd64 node-js-tokens all 8.0.0-2 [12.1 kB]
Get:211 http://archive.ubuntu.com/ubuntu resolute/universe amd64 node-jsesc all 3.0.2+~3.0.1-1 [18.0 kB]
Get:212 http://archive.ubuntu.com/ubuntu resolute/universe amd64 node-json5 all 2.2.3+dfsg-3 [22.1 kB]
Get:213 http://archive.ubuntu.com/ubuntu resolute/universe amd64 node-quick-lru all 6.1.1-4 [8,190 B]
Get:214 http://archive.ubuntu.com/ubuntu resolute/universe amd64 node-regenerator-transform all 0.15.2+~0.10.8-1 [25.5 kB]
Get:215 http://archive.ubuntu.com/ubuntu resolute/universe amd64 node-regjsgen all 0.8.0+ds-1 [7,060 B]
Get:216 http://archive.ubuntu.com/ubuntu resolute/universe amd64 node-regjsparser all 0.12.0+ds-2 [23.5 kB]
Get:217 http://archive.ubuntu.com/ubuntu resolute/universe amd64 node-unicode-canonical-property-names-ecmascript all 2.0.1-1 [4,126 B]
Get:218 http://archive.ubuntu.com/ubuntu resolute/universe amd64 node-unicode-property-aliases-ecmascript all 2.1.0+ds-1 [5,316 B]
Get:219 http://archive.ubuntu.com/ubuntu resolute/universe amd64 node-unicode-match-property-ecmascript all 2.0.0-2 [4,420 B]
Get:220 http://archive.ubuntu.com/ubuntu resolute/universe amd64 node-unicode-match-property-value-ecmascript all 2.2.0+ds-1build1 [7,800 B]
Get:221 http://archive.ubuntu.com/ubuntu resolute/universe amd64 node-regexpu-core all 6.2.0-2build1 [24.7 kB]
Get:222 http://archive.ubuntu.com/ubuntu resolute/universe amd64 node-source-map-support all 0.5.21+ds+~0.5.10-2 [15.3 kB]
Get:223 http://archive.ubuntu.com/ubuntu resolute/universe amd64 node-to-fast-properties all 3.0.1-3 [4,334 B]
Get:224 http://archive.ubuntu.com/ubuntu resolute/universe amd64 node-v8flags all 3.2.0+~3.1.1-1 [7,766 B]
Get:225 http://archive.ubuntu.com/ubuntu resolute/universe amd64 node-babel7 all 7.20.15+ds1+~cs214.269.168-16 [626 kB]
Get:226 http://archive.ubuntu.com/ubuntu resolute/universe amd64 node-is-arrayish all 0.3.4-1 [3,808 B]
Get:227 http://archive.ubuntu.com/ubuntu resolute/universe amd64 node-error-ex all 1.3.4-1 [5,720 B]
Get:228 http://archive.ubuntu.com/ubuntu resolute/universe amd64 node-json-parse-better-errors all 1.0.2+~cs3.3.1-3 [7,314 B]
Get:229 http://archive.ubuntu.com/ubuntu resolute/universe amd64 node-parse-json all 5.2.0+~cs5.1.7-2 [7,482 B]
Get:230 http://archive.ubuntu.com/ubuntu resolute/universe amd64 node-hosted-git-info all 9.0.2-1build1 [10.1 kB]
Get:231 http://archive.ubuntu.com/ubuntu resolute/universe amd64 node-spdx-license-ids all 3.26.0-1 [7,246 B]
Get:232 http://archive.ubuntu.com/ubuntu resolute/universe amd64 node-spdx-exceptions all 2.5.0-1 [4,334 B]
Get:233 http://archive.ubuntu.com/ubuntu resolute/universe amd64 node-spdx-expression-parse all 4.0.0+~3.0.5-1 [8,476 B]
Get:234 http://archive.ubuntu.com/ubuntu resolute/universe amd64 node-spdx-correct all 3.2.0+~3.1.3-1 [7,058 B]
Get:235 http://archive.ubuntu.com/ubuntu resolute/universe amd64 node-validate-npm-package-license all 3.0.4-3 [4,338 B]
Get:236 http://archive.ubuntu.com/ubuntu resolute/universe amd64 node-normalize-package-data all 8.0.0+~2.4.4-3build1 [12.4 kB]
Get:237 http://archive.ubuntu.com/ubuntu resolute/universe amd64 node-read-pkg all 5.2.0-2 [24.5 kB]
Get:238 http://archive.ubuntu.com/ubuntu resolute/universe amd64 node-uuid all 8.3.2+~8.3.4-3 [21.1 kB]
Get:239 http://archive.ubuntu.com/ubuntu resolute/universe amd64 node-isexe all 2.0.0+~2.0.1-5 [6,078 B]
Get:240 http://archive.ubuntu.com/ubuntu resolute/universe amd64 node-which all 2.0.2+~cs1.3.2-5 [6,756 B]
Get:241 http://archive.ubuntu.com/ubuntu resolute/universe amd64 node-write-file-atomic all 7.0.1+~4.0.3-1 [8,698 B]
Get:242 http://archive.ubuntu.com/ubuntu resolute/universe amd64 node-slice-ansi all 5.0.0+~cs9.0.0-5 [9,044 B]
Get:243 http://archive.ubuntu.com/ubuntu resolute/universe amd64 node-ansi-regex all 6.2.2+~cs4.0.2-1build3 [7,744 B]
Get:244 http://archive.ubuntu.com/ubuntu resolute/universe amd64 node-strip-ansi all 7.2.0-1 [4,856 B]
Get:245 http://archive.ubuntu.com/ubuntu resolute/universe amd64 node-clone all 2.1.2+~2.1.4-1 [9,196 B]
Get:246 http://archive.ubuntu.com/ubuntu resolute/universe amd64 node-defaults all 1.0.4+~1.0.3-1 [4,394 B]
Get:247 http://archive.ubuntu.com/ubuntu resolute/universe amd64 node-wcwidth.js all 1.0.2-2 [7,204 B]
Get:248 http://archive.ubuntu.com/ubuntu resolute/universe amd64 node-string-width all 4.2.3+~cs13.2.3-1 [11.4 kB]
Get:249 http://archive.ubuntu.com/ubuntu resolute/universe amd64 node-wrap-ansi all 8.0.1+~8.0.1-3 [12.2 kB]
Get:250 http://archive.ubuntu.com/ubuntu resolute/universe amd64 node-cliui all 7.0.4+repack+1+~cs1.4.2-2 [20.4 kB]
Get:251 http://archive.ubuntu.com/ubuntu resolute/universe amd64 node-get-caller-file all 2.0.5+~cs1.1.1-4 [5,774 B]
Get:252 http://archive.ubuntu.com/ubuntu resolute/universe amd64 node-require-directory all 2.1.1+~2.1.7-1 [7,264 B]
Get:253 http://archive.ubuntu.com/ubuntu resolute/universe amd64 node-y18n all 5.0.8+~5.0.0-4 [8,110 B]
Get:254 http://archive.ubuntu.com/ubuntu resolute/universe amd64 node-camelcase all 7.0.0-4 [6,212 B]
Get:255 http://archive.ubuntu.com/ubuntu resolute/universe amd64 node-yargs-parser all 21.1.1+~21.0.0-4 [23.6 kB]
Get:256 http://archive.ubuntu.com/ubuntu resolute/universe amd64 node-yargs all 16.2.0+~16.0.4-7 [123 kB]
Get:257 http://archive.ubuntu.com/ubuntu resolute/universe amd64 node-istanbul all 0.4.5+repack10+~cs98.25.59-7 [210 kB]
Get:258 http://archive.ubuntu.com/ubuntu resolute/universe amd64 node-through all 2.3.8+~cs0.0.33-1 [5,558 B]
Get:259 http://archive.ubuntu.com/ubuntu resolute/universe amd64 node-resumer all 0.0.0-6 [4,054 B]
Get:260 http://archive.ubuntu.com/ubuntu resolute/universe amd64 node-tape all 5.6.1+~cs8.20.19-5 [32.3 kB]
Get:261 http://archive.ubuntu.com/ubuntu resolute/universe amd64 node-deep-equal all 2.2.3+~cs43.15.94-1 [39.6 kB]
Get:262 http://archive.ubuntu.com/ubuntu resolute/universe amd64 libjs-util all 0.12.5+~1.0.10-2 [15.6 kB]
Get:263 http://archive.ubuntu.com/ubuntu resolute/main amd64 libssl-dev amd64 3.5.5-1ubuntu3 [2,933 kB]
Get:264 http://archive.ubuntu.com/ubuntu resolute/main amd64 libuv1-dev amd64 1.51.0-2ubuntu1 [140 kB]
Get:265 http://archive.ubuntu.com/ubuntu resolute/universe amd64 libnode-dev amd64 22.22.1+dfsg+~cs22.19.15-1ubuntu1 [540 kB]
Get:266 http://archive.ubuntu.com/ubuntu resolute/main amd64 zlib1g-dev amd64 1:1.3.dfsg+really1.3.1-1ubuntu3 [895 kB]
Get:267 http://archive.ubuntu.com/ubuntu resolute/main amd64 libpython3.14-dev amd64 3.14.4-1 [5,986 kB]
Get:268 http://archive.ubuntu.com/ubuntu resolute/main amd64 libpython3-dev amd64 3.14.3-0ubuntu2 [8,736 B]
Get:269 http://archive.ubuntu.com/ubuntu resolute/main amd64 uuid-dev amd64 2.41.3-3ubuntu2 [48.5 kB]
Get:270 http://archive.ubuntu.com/ubuntu resolute/main amd64 libsm-dev amd64 2:1.2.6-1build1 [18.8 kB]
Get:271 http://archive.ubuntu.com/ubuntu resolute/main amd64 libxau-dev amd64 1:1.0.11-1build2 [9,712 B]
Get:272 http://archive.ubuntu.com/ubuntu resolute/main amd64 libxdmcp-dev amd64 1:1.1.5-2 [25.7 kB]
Get:273 http://archive.ubuntu.com/ubuntu resolute/main amd64 xtrans-dev all 1.6.0-1build1 [66.2 kB]
Get:274 http://archive.ubuntu.com/ubuntu resolute/main amd64 libxcb1-dev amd64 1.17.0-2ubuntu1 [86.3 kB]
Get:275 http://archive.ubuntu.com/ubuntu resolute/main amd64 libx11-dev amd64 2:1.8.13-1 [739 kB]
Get:276 http://archive.ubuntu.com/ubuntu resolute/main amd64 libxt-dev amd64 1:1.2.1-1.3build1 [396 kB]
Get:277 http://archive.ubuntu.com/ubuntu resolute/universe amd64 node-agent-base all 7.1.4~0~2025070717+~cs15.2.7-1build1 [11.2 kB]
Get:278 http://archive.ubuntu.com/ubuntu resolute/universe amd64 node-ajv-keywords all 5.1.0-4 [33.1 kB]
Get:279 http://archive.ubuntu.com/ubuntu resolute/universe amd64 node-ansi-escapes all 5.0.0+really.4.3.1-1 [9,070 B]
Get:280 http://archive.ubuntu.com/ubuntu resolute/universe amd64 node-aproba all 2.1.0-1 [5,636 B]
Get:281 http://archive.ubuntu.com/ubuntu resolute/universe amd64 node-delegates all 1.0.0-3 [4,280 B]
Get:282 http://archive.ubuntu.com/ubuntu resolute/universe amd64 node-are-we-there-yet all 4.0.2+~1.1.2-1 [8,576 B]
Get:283 http://archive.ubuntu.com/ubuntu resolute/universe amd64 node-async-each all 1.0.3-3 [4,174 B]
Get:284 http://archive.ubuntu.com/ubuntu resolute/universe amd64 node-auto-bind all 4.0.0-2 [4,842 B]
Get:285 http://archive.ubuntu.com/ubuntu resolute/universe amd64 node-babel-plugin-lodash all 3.3.4+~cs2.0.1-8build1 [11.5 kB]
Get:286 http://archive.ubuntu.com/ubuntu resolute/universe amd64 node-object-visit all 1.0.1-5 [4,884 B]
Get:287 http://archive.ubuntu.com/ubuntu resolute/universe amd64 node-map-visit all 1.0.0-4 [6,214 B]
Get:288 http://archive.ubuntu.com/ubuntu resolute/universe amd64 node-collection-visit all 1.0.0-4 [4,950 B]
Get:289 http://archive.ubuntu.com/ubuntu resolute/universe amd64 node-get-value all 1:3.0.1-4 [5,308 B]
Get:290 http://archive.ubuntu.com/ubuntu resolute/universe amd64 node-component-emitter all 1.3.0+~1.2.11-2 [5,234 B]
Get:291 http://archive.ubuntu.com/ubuntu resolute/universe amd64 node-is-primitive all 3.0.1-3 [4,840 B]
Get:292 http://archive.ubuntu.com/ubuntu resolute/universe amd64 node-set-value all 4.1.0+~4.0.3-1 [10.1 kB]
Get:293 http://archive.ubuntu.com/ubuntu resolute/universe amd64 node-union-value all 2.0.1-4 [5,392 B]
Get:294 http://archive.ubuntu.com/ubuntu resolute/universe amd64 node-has-values all 2.0.1-4 [5,674 B]
Get:295 http://archive.ubuntu.com/ubuntu resolute/universe amd64 node-has-value all 2.0.2-4 [6,058 B]
Get:296 http://archive.ubuntu.com/ubuntu resolute/universe amd64 node-unset-value all 2.0.1-1 [5,974 B]
Get:297 http://archive.ubuntu.com/ubuntu resolute/universe amd64 node-cache-base all 4.0.2-2 [11.2 kB]
Get:298 http://archive.ubuntu.com/ubuntu resolute/universe amd64 node-mixin-deep all 2.0.1-3 [5,472 B]
Get:299 http://archive.ubuntu.com/ubuntu resolute/universe amd64 node-pascalcase all 1.0.0-1 [5,036 B]
Get:300 http://archive.ubuntu.com/ubuntu resolute/universe amd64 node-base all 3.0.0-3 [11.8 kB]
Get:301 http://archive.ubuntu.com/ubuntu resolute/universe amd64 node-base64-js all 1.5.1+dfsg+~1.3.0-3 [7,204 B]
Get:302 http://archive.ubuntu.com/ubuntu resolute/universe amd64 node-binary-extensions all 2.2.0-2 [4,488 B]
Get:303 http://archive.ubuntu.com/ubuntu resolute/universe amd64 node-builtins all 5.0.1-1 [4,082 B]
Get:304 http://archive.ubuntu.com/ubuntu resolute/universe amd64 node-chownr all 3.0.0-2 [6,200 B]
Get:305 http://archive.ubuntu.com/ubuntu resolute/universe amd64 node-iferr all 1.0.2+~1.0.4-1 [4,488 B]
Get:306 http://archive.ubuntu.com/ubuntu resolute/universe amd64 node-fs-write-stream-atomic all 1.0.10-6 [5,362 B]
Get:307 http://archive.ubuntu.com/ubuntu resolute/universe amd64 node-run-queue all 2.0.0-3 [5,086 B]
Get:308 http://archive.ubuntu.com/ubuntu resolute/universe amd64 node-copy-concurrently all 1.0.5-11 [7,148 B]
Get:309 http://archive.ubuntu.com/ubuntu resolute/universe amd64 node-move-concurrently all 1.0.1-7 [5,116 B]
Get:310 http://archive.ubuntu.com/ubuntu resolute/universe amd64 node-promise-inflight all 1.0.1+~1.0.3-1 [4,964 B]
Get:311 http://archive.ubuntu.com/ubuntu resolute/universe amd64 node-ssri all 9.0.1-3 [14.8 kB]
Get:312 http://archive.ubuntu.com/ubuntu resolute/universe amd64 node-unique-filename all 1.1.1+ds-2 [3,914 B]
Get:313 http://archive.ubuntu.com/ubuntu resolute/universe amd64 node-cacache all 17.0.3+ds1+~cs8.2.7-3 [32.6 kB]
Get:314 http://archive.ubuntu.com/ubuntu resolute/universe amd64 node-is-binary-path all 2.1.0-5 [3,676 B]
Get:315 http://archive.ubuntu.com/ubuntu resolute/universe amd64 node-path-is-absolute all 2.0.0-2 [4,062 B]
Get:316 http://archive.ubuntu.com/ubuntu resolute/universe amd64 node-set-immediate-shim all 2.0.0-2 [3,696 B]
Get:317 http://archive.ubuntu.com/ubuntu resolute/universe amd64 node-readdirp all 3.6.0-3 [11.5 kB]
Get:318 http://archive.ubuntu.com/ubuntu resolute/universe amd64 node-chokidar all 3.6.0-5 [33.1 kB]
Get:319 http://archive.ubuntu.com/ubuntu resolute/universe amd64 node-tslib all 2.4.1-1 [19.7 kB]
Get:320 http://archive.ubuntu.com/ubuntu resolute/universe amd64 node-chrome-trace-event all 1.0.3-2 [6,680 B]
Get:321 http://archive.ubuntu.com/ubuntu resolute/universe amd64 node-ci-info all 4.4.0+~cs8.2.0-3build3 [13.3 kB]
Get:322 http://archive.ubuntu.com/ubuntu resolute/universe amd64 node-cli-boxes all 3.0.0-1build2 [4,960 B]
Get:323 http://archive.ubuntu.com/ubuntu resolute/universe amd64 node-restore-cursor all 4.0.0-4 [4,488 B]
Get:324 http://archive.ubuntu.com/ubuntu resolute/universe amd64 node-cli-cursor all 4.0.0-4 [8,848 B]
Get:325 http://archive.ubuntu.com/ubuntu resolute/universe amd64 node-cli-truncate all 2.1.0-5 [5,714 B]
Get:326 http://archive.ubuntu.com/ubuntu resolute/universe amd64 node-colors all 1.4.0-4build1 [12.1 kB]
Get:327 http://archive.ubuntu.com/ubuntu resolute/universe amd64 node-columnify all 1.6.0+~1.5.4-1 [12.4 kB]
Get:328 http://archive.ubuntu.com/ubuntu resolute/universe amd64 node-console-control-strings all 1.1.0-3 [5,616 B]
Get:329 http://archive.ubuntu.com/ubuntu resolute/universe amd64 node-growl all 1.10.5-4 [7,064 B]
Get:330 http://archive.ubuntu.com/ubuntu resolute/universe amd64 node-lcov-parse all 1.0.0+20170612git80d039574ed9-7 [5,246 B]
Get:331 http://archive.ubuntu.com/ubuntu resolute/universe amd64 node-log-driver all 1.2.7+git+20180219+bba1761737-8 [5,496 B]
Get:332 http://archive.ubuntu.com/ubuntu resolute/universe amd64 node-data-uri-to-buffer all 6.0.2~0~2025070717+~cs15.2.7-1build1 [8,746 B]
Get:333 http://archive.ubuntu.com/ubuntu resolute/universe amd64 node-fetch all 3.3.2+~cs11.4.11-3 [218 kB]
Get:334 http://archive.ubuntu.com/ubuntu resolute/universe amd64 node-coveralls all 3.1.1-4 [14.3 kB]
Get:335 http://archive.ubuntu.com/ubuntu resolute/universe amd64 node-css-selector-tokenizer all 0.8.0+~cs4.8.3-1 [13.2 kB]
Get:336 http://archive.ubuntu.com/ubuntu resolute/universe amd64 node-icss-utils all 5.1.0+~5.1.2-1 [6,772 B]
Get:337 http://archive.ubuntu.com/ubuntu resolute/universe amd64 node-postcss-modules-extract-imports all 3.1.0-1 [5,880 B]
Get:338 http://archive.ubuntu.com/ubuntu resolute/universe amd64 node-postcss-modules-values all 4.0.0+~4.0.2-1 [6,100 B]
Get:339 http://archive.ubuntu.com/ubuntu resolute/universe amd64 node-postcss-value-parser all 4.2.0-1 [10.6 kB]
Get:340 http://archive.ubuntu.com/ubuntu resolute/universe amd64 node-prr all 1.0.1-3 [4,344 B]
Get:341 http://archive.ubuntu.com/ubuntu resolute/universe amd64 node-errno all 1.0.0-3 [7,962 B]
Get:342 http://archive.ubuntu.com/ubuntu resolute/universe amd64 node-memory-fs all 0.5.0+~0.3.3-2 [7,744 B]
Get:343 http://archive.ubuntu.com/ubuntu resolute/universe amd64 node-tapable all 2.2.1-3 [13.8 kB]
Get:344 http://archive.ubuntu.com/ubuntu resolute/universe amd64 node-enhanced-resolve all 5.15.0-1 [36.9 kB]
Get:345 http://archive.ubuntu.com/ubuntu resolute/universe amd64 node-es-module-lexer all 1.1.0+dfsg-3 [20.7 kB]
Get:346 http://archive.ubuntu.com/ubuntu resolute/universe amd64 node-events all 3.3.0+~3.0.3-1 [3,066 B]
Get:347 http://archive.ubuntu.com/ubuntu resolute/universe amd64 node-resolve-cwd all 3.0.0-2 [4,216 B]
Get:348 http://archive.ubuntu.com/ubuntu resolute/universe amd64 node-jest-debbundle all 29.6.2~ds3+~cs73.45.28-3build3 [52.3 kB]
Get:349 http://archive.ubuntu.com/ubuntu resolute/universe amd64 node-interpret all 2.2.0-3 [6,946 B]
Get:350 http://archive.ubuntu.com/ubuntu resolute/universe amd64 node-merge-stream all 2.0.0+~1.1.2-2 [5,178 B]
Get:351 http://archive.ubuntu.com/ubuntu resolute/universe amd64 node-jest-worker all 29.6.2~ds3+~cs73.45.28-3build3 [42.9 kB]
Get:352 http://archive.ubuntu.com/ubuntu resolute/universe amd64 node-loader-runner all 4.3.1-1 [8,264 B]
Get:353 http://archive.ubuntu.com/ubuntu resolute/universe amd64 node-mime all 4.1.0+dfsg+~cs8.97.10-6build5 [47.7 kB]
Get:354 http://archive.ubuntu.com/ubuntu resolute/universe amd64 node-mime-types all 3.0.2+~3.0.1-1 [7,968 B]
Get:355 http://archive.ubuntu.com/ubuntu resolute/universe amd64 node-rechoir all 0.8.0+~0.6.4-1 [6,194 B]
Get:356 http://archive.ubuntu.com/ubuntu resolute/universe amd64 node-schema-utils all 4.2.0~ds-4 [18.1 kB]
Get:357 http://archive.ubuntu.com/ubuntu resolute/universe amd64 node-randombytes all 2.1.0+~2.0.3-1 [4,910 B]
Get:358 http://archive.ubuntu.com/ubuntu resolute/universe amd64 node-serialize-javascript all 7.0.4+~5.0.4-1 [15.6 kB]
Get:359 http://archive.ubuntu.com/ubuntu resolute/universe amd64 node-watchpack all 2.4.0+~cs2.8.1-1 [20.7 kB]
Get:360 http://archive.ubuntu.com/ubuntu resolute/universe amd64 node-long all 5.2.3-3 [15.0 kB]
Get:361 http://archive.ubuntu.com/ubuntu resolute/universe amd64 node-ieee754 all 1.2.1-3 [5,340 B]
Get:362 http://archive.ubuntu.com/ubuntu resolute/universe amd64 node-webassemblyjs all 1.14.1+dfsg3+~cs1.2.7-2 [115 kB]
Get:363 http://archive.ubuntu.com/ubuntu resolute/universe amd64 node-source-list-map all 2.0.1+dfsg+~0.1.2-1 [10.3 kB]
Get:364 http://archive.ubuntu.com/ubuntu resolute/universe amd64 node-webpack-sources all 3.2.3+~3.2.0-2 [23.8 kB]
Get:365 http://archive.ubuntu.com/ubuntu resolute/universe amd64 node-terser all 5.46.1-4 [215 kB]
Get:366 http://archive.ubuntu.com/ubuntu resolute/universe amd64 terser all 5.46.1-4 [4,262 B]
Get:367 http://archive.ubuntu.com/ubuntu resolute/universe amd64 node-get-stream all 8.0.1-11 [11.3 kB]
Get:368 http://archive.ubuntu.com/ubuntu resolute/universe amd64 node-mimic-fn all 4.0.0-6 [5,686 B]
Get:369 http://archive.ubuntu.com/ubuntu resolute/universe amd64 node-strip-eof all 3.0.0-6 [4,844 B]
Get:370 http://archive.ubuntu.com/ubuntu resolute/universe amd64 node-execa all 8.0.1+dfsg1+~cs12.0.0-1build2 [44.2 kB]
Get:371 http://archive.ubuntu.com/ubuntu resolute/universe amd64 node-envinfo all 7.11.0+~cs14.3.0-7build1 [33.5 kB]
Get:372 http://archive.ubuntu.com/ubuntu resolute/universe amd64 webpack all 5.105.4+dfsg1+~cs15.13.23-2 [867 kB]
Get:373 http://archive.ubuntu.com/ubuntu resolute/universe amd64 node-css-loader all 6.8.1+~cs14.0.17-2 [64.1 kB]
Get:374 http://archive.ubuntu.com/ubuntu resolute/universe amd64 node-mimic-response all 3.1.0-9 [5,516 B]
Get:375 http://archive.ubuntu.com/ubuntu resolute/universe amd64 node-decompress-response all 6.0.0-3 [4,684 B]
Get:376 http://archive.ubuntu.com/ubuntu resolute/universe amd64 node-diff all 5.0.0~dfsg+~5.0.1-6 [73.1 kB]
Get:377 http://archive.ubuntu.com/ubuntu resolute/universe amd64 node-err-code all 2.0.3+dfsg-3 [4,918 B]
Get:378 http://archive.ubuntu.com/ubuntu resolute/universe amd64 node-time-stamp all 2.2.0-2 [6,012 B]
Get:379 http://archive.ubuntu.com/ubuntu resolute/universe amd64 node-fancy-log all 1.3.3+~cs1.3.1-2 [8,102 B]
Get:380 http://archive.ubuntu.com/ubuntu resolute/universe amd64 node-has-unicode all 2.0.1-5 [3,962 B]
Get:381 http://archive.ubuntu.com/ubuntu resolute/universe amd64 node-wide-align all 1.1.3-4 [4,228 B]
Get:382 http://archive.ubuntu.com/ubuntu resolute/universe amd64 node-gauge all 4.0.4-2 [16.1 kB]
Get:383 http://archive.ubuntu.com/ubuntu resolute/universe amd64 node-lowercase-keys all 2.0.0-2 [3,754 B]
Get:384 http://archive.ubuntu.com/ubuntu resolute/universe amd64 node-json-buffer all 3.0.1+~3.0.2-1 [4,620 B]
Get:385 http://archive.ubuntu.com/ubuntu resolute/universe amd64 node-p-cancelable all 2.1.1-1 [7,358 B]
Get:386 http://archive.ubuntu.com/ubuntu resolute/universe amd64 node-got all 11.8.5+~cs58.13.36-6 [122 kB]
Get:387 http://archive.ubuntu.com/ubuntu resolute/universe amd64 node-http-proxy-agent all 7.0.2~0~2025070717+~cs15.2.7-1build1 [8,484 B]
Get:388 http://archive.ubuntu.com/ubuntu resolute/universe amd64 node-https-proxy-agent all 7.0.6~0~2025070717+~cs15.2.7-1build1 [11.3 kB]
Get:389 http://archive.ubuntu.com/ubuntu resolute/universe amd64 node-ip all 2.0.1+~1.1.3-3 [8,746 B]
Get:390 http://archive.ubuntu.com/ubuntu resolute/universe amd64 node-ip-regex all 4.3.0+~4.1.1-1 [5,254 B]
Get:391 http://archive.ubuntu.com/ubuntu resolute/universe amd64 node-read-package-json all 5.0.2+~2.0.0-5build1 [10.7 kB]
Get:392 http://archive.ubuntu.com/ubuntu resolute/universe amd64 node-npm-bundled all 2.0.1-2 [5,924 B]
Get:393 http://archive.ubuntu.com/ubuntu resolute/universe amd64 node-osenv all 0.1.5+~0.1.3-1 [5,514 B]
Get:394 http://archive.ubuntu.com/ubuntu resolute/universe amd64 node-validate-npm-package-name all 5.0.0+~4.0.0-1 [6,492 B]
Get:395 http://archive.ubuntu.com/ubuntu resolute/universe amd64 node-npm-package-arg all 10.0.0+~3.0.0-2 [9,658 B]
Get:396 http://archive.ubuntu.com/ubuntu resolute/universe amd64 node-opener all 1.5.2+~1.4.3-1 [5,880 B]
Get:397 http://archive.ubuntu.com/ubuntu resolute/universe amd64 node-retry all 0.13.1.+~cs2.19.16-1 [14.6 kB]
Get:398 http://archive.ubuntu.com/ubuntu resolute/universe amd64 node-promise-retry all 2.0.1-4 [5,040 B]
Get:399 http://archive.ubuntu.com/ubuntu resolute/universe amd64 node-mute-stream all 0.0.8+~0.0.1-3 [6,282 B]
Get:400 http://archive.ubuntu.com/ubuntu resolute/universe amd64 node-read all 1.0.7-5 [5,426 B]
Get:401 http://archive.ubuntu.com/ubuntu resolute/universe amd64 node-promzard all 0.3.0-2 [6,888 B]
Get:402 http://archive.ubuntu.com/ubuntu resolute/universe amd64 node-punycode all 2.3.1+~2.1.4-1 [11.1 kB]
Get:403 http://archive.ubuntu.com/ubuntu resolute/universe amd64 node-re2 amd64 1.23.3+~cs1.3.5-1 [60.5 kB]
Get:404 http://archive.ubuntu.com/ubuntu resolute/universe amd64 node-require-from-string all 2.0.2+~1.2.3-1 [4,496 B]
Get:405 http://archive.ubuntu.com/ubuntu resolute/universe amd64 node-set-blocking all 2.0.0-2 [3,766 B]
Get:406 http://archive.ubuntu.com/ubuntu resolute/universe amd64 node-shell-quote all 1.8.3+~1.7.5-1 [8,230 B]
Get:407 http://archive.ubuntu.com/ubuntu resolute/universe amd64 node-stack-utils all 2.0.6+~2.0.3-1 [8,928 B]
Get:408 http://archive.ubuntu.com/ubuntu resolute/universe amd64 node-yaml all 2.8.3+~cs0.4.0-1 [130 kB]
Get:409 http://archive.ubuntu.com/ubuntu resolute/universe amd64 node-tap-parser all 13.0.1+~cs4.1.3-4 [47.7 kB]
Get:410 http://archive.ubuntu.com/ubuntu resolute/universe amd64 node-tap-mocha-reporter all 5.0.4+~2.1.0-1 [39.2 kB]
Get:411 http://archive.ubuntu.com/ubuntu resolute/universe amd64 node-text-table all 0.2.0-5 [5,116 B]
Get:412 http://archive.ubuntu.com/ubuntu resolute/universe amd64 node-widest-line all 3.1.0-2 [4,086 B]
Get:413 http://archive.ubuntu.com/ubuntu resolute/universe amd64 nodejs-doc all 22.22.1+dfsg+~cs22.19.15-1ubuntu1 [6,633 kB]
Get:414 http://archive.ubuntu.com/ubuntu resolute/universe amd64 openjdk-17-jre-headless amd64 17.0.18+8-1 [48.1 MB]
Get:415 http://archive.ubuntu.com/ubuntu resolute/universe amd64 openjdk-17-jre amd64 17.0.18+8-1 [228 kB]
Get:416 http://archive.ubuntu.com/ubuntu resolute/universe amd64 openjdk-17-jdk-headless amd64 17.0.18+8-1 [71.7 MB]
Get:417 http://archive.ubuntu.com/ubuntu resolute/universe amd64 openjdk-17-jdk amd64 17.0.18+8-1 [1,531 kB]
Get:418 http://archive.ubuntu.com/ubuntu resolute/main amd64 python3.14-dev amd64 3.14.4-1 [510 kB]
Get:419 http://archive.ubuntu.com/ubuntu resolute/main amd64 python3-dev amd64 3.14.3-0ubuntu2 [26.6 kB]
Get:420 http://archive.ubuntu.com/ubuntu resolute/universe amd64 python3-wheel all 0.46.3-2 [27.9 kB]
Get:421 http://archive.ubuntu.com/ubuntu resolute/universe amd64 python3-pip all 25.1.1+dfsg-1ubuntu2 [1,416 kB]
Get:422 http://archive.ubuntu.com/ubuntu resolute/universe amd64 python3-pip-whl all 25.1.1+dfsg-1ubuntu2 [1,430 kB]
Get:423 http://archive.ubuntu.com/ubuntu resolute/universe amd64 python3-setuptools-whl all 78.1.1-0.1build1 [1,174 kB]
Get:424 http://archive.ubuntu.com/ubuntu resolute/universe amd64 python3.14-venv amd64 3.14.4-1 [5,340 B]
Get:425 http://archive.ubuntu.com/ubuntu resolute/universe amd64 python3-venv amd64 3.14.3-0ubuntu2 [1,032 B]
Get:426 http://archive.ubuntu.com/ubuntu resolute/universe amd64 ubuntu-fan all 0.12.17 [34.3 kB]
Get:427 http://archive.ubuntu.com/ubuntu resolute/universe amd64 wabt amd64 1.0.36+dfsg+~cs1.0.36-2ubuntu1 [2,440 kB]
Get:428 http://archive.ubuntu.com/ubuntu resolute/universe amd64 node-cli-table all 0.3.11+~cs0.13.4-3 [23.2 kB]
Get:429 http://archive.ubuntu.com/ubuntu resolute/universe amd64 node-depd all 2.0.0-2 [10.5 kB]
Get:430 http://archive.ubuntu.com/ubuntu resolute/universe amd64 node-npmlog all 7.0.1+~4.1.4-1 [9,826 B]
Get:431 http://archive.ubuntu.com/ubuntu resolute/universe amd64 node-tar all 6.2.1+ds1+~cs6.1.13-10 [50.1 kB]
Get:432 http://archive.ubuntu.com/ubuntu resolute/universe amd64 node-gyp all 12.1.0+~6.1.0-3 [42.0 kB]
Get:433 http://archive.ubuntu.com/ubuntu resolute/universe amd64 node-ini all 3.0.1-2 [6,480 B]
Get:434 http://archive.ubuntu.com/ubuntu resolute/universe amd64 node-negotiator all 0.6.3+~0.6.1-1 [10.1 kB]
Get:435 http://archive.ubuntu.com/ubuntu resolute/universe amd64 node-ws all 8.19.0+~cs14.19.1-1 [54.0 kB]
Get:436 http://archive.ubuntu.com/ubuntu resolute/universe amd64 node-tap all 16.3.7+ds3+~cs49.5.20-6 [101 kB]
Get:437 http://archive.ubuntu.com/ubuntu resolute/universe amd64 npm all 9.2.0~ds3-1 [622 kB]
debconf: unable to initialize frontend: Dialog
debconf: (Dialog frontend will not work on a dumb terminal, an emacs shell buffer, or without a controlling terminal.)
debconf: falling back to frontend: Readline
debconf: unable to initialize frontend: Readline
debconf: (This frontend requires a controlling tty.)
debconf: falling back to frontend: Teletype
debconf: unable to initialize frontend: Teletype
debconf: (This frontend requires a controlling tty.)
debconf: falling back to frontend: Noninteractive
Preconfiguring packages ...
Fetched 268 MB in 36s (7,346 kB/s)
Selecting previously unselected package pigz.
(Reading database… (Reading database… 5%(Reading database… 10%(Reading database… 15%(Reading database… 20%(Reading database… 25%(Reading database… 30%(Reading database… 35%(Reading database… 40%(Reading database… 45%(Reading database… 50%(Reading database… 55%(Reading database… 60%(Reading database… 65%(Reading database… 70%(Reading database… 75%(Reading database… 80%(Reading database… 85%(Reading database… 90%(Reading database… 95%(Reading database… 100%(Reading database… 217263 files and directories currently installed.)
Preparing to unpack …/000-pigz_2.8-1build1_amd64.deb…
Unpacking pigz (2.8-1build1)…
Selecting previously unselected package bridge-utils.
Preparing to unpack …/001-bridge-utils_1.7.1-4ubuntu3_amd64.deb…
Unpacking bridge-utils (1.7.1-4ubuntu3)…
Selecting previously unselected package ca-certificates-java.
Preparing to unpack …/002-ca-certificates-java_20260311_all.deb…
Unpacking ca-certificates-java (20260311)…
Selecting previously unselected package runc.
Preparing to unpack …/003-runc_1.4.0-0ubuntu1_amd64.deb…
Unpacking runc (1.4.0-0ubuntu1)…
Selecting previously unselected package containerd.
Preparing to unpack …/004-containerd_2.2.2-0ubuntu1_amd64.deb…
Unpacking containerd (2.2.2-0ubuntu1)…
Selecting previously unselected package docker-compose-v2.
Preparing to unpack …/005-docker-compose-v2_2.40.3+ds1-0ubuntu1_amd64.deb…
Unpacking docker-compose-v2 (2.40.3+ds1-0ubuntu1)…
Selecting previously unselected package docker.io.
Preparing to unpack …/006-docker.io_29.1.3-0ubuntu4.1_amd64.deb…
Unpacking docker.io (29.1.3-0ubuntu4.1)…
Selecting previously unselected package node-fast-deep-equal.
Preparing to unpack …/007-node-fast-deep-equal_3.1.3-3_all.deb…
Unpacking node-fast-deep-equal (3.1.3-3)…
Selecting previously unselected package node-json-schema-traverse.
Preparing to unpack …/008-node-json-schema-traverse_1.0.0-3_all.deb…
Unpacking node-json-schema-traverse (1.0.0-3)…
Selecting previously unselected package node-jsonify.
Preparing to unpack …/009-node-jsonify_0.0.1-1_all.deb…
Unpacking node-jsonify (0.0.1-1)…
Selecting previously unselected package node-json-stable-stringify.
Preparing to unpack …/010-node-json-stable-stringify_1.0.2+repack1+~cs1.0.34-2_all.deb…
Unpacking node-json-stable-stringify (1.0.2+repack1+~cs1.0.34-2)…
Selecting previously unselected package libada-url0-3:amd64.
Preparing to unpack …/011-libada-url0-3_3.4.3-1_amd64.deb…
Unpacking libada-url0-3:amd64 (3.4.3-1)…
Selecting previously unselected package libllhttp9.3.
Preparing to unpack …/012-libllhttp9.3_9.3.3~really9.3.0+~cs12.11.8-3build1_amd64.deb…
Unpacking libllhttp9.3 (9.3.3~really9.3.0+~cs12.11.8-3build1)…
Selecting previously unselected package libsimdjson29:amd64.
Preparing to unpack …/013-libsimdjson29_4.2.4-1_amd64.deb…
Unpacking libsimdjson29:amd64 (4.2.4-1)…
Selecting previously unselected package node-xtend.
Preparing to unpack …/014-node-xtend_4.0.2-3_all.deb…
Unpacking node-xtend (4.0.2-3)…
Selecting previously unselected package node-acorn.
Preparing to unpack …/015-node-acorn_8.16.0+ds+~cs25.18.7-4_all.deb…
Unpacking node-acorn (8.16.0+ds+~cs25.18.7-4)…
Selecting previously unselected package node-cjs-module-lexer.
Preparing to unpack …/016-node-cjs-module-lexer_1.2.3+dfsg-1_all.deb…
Unpacking node-cjs-module-lexer (1.2.3+dfsg-1)…
Selecting previously unselected package node-balanced-match.
Preparing to unpack …/017-node-balanced-match_2.0.0-1_all.deb…
Unpacking node-balanced-match (2.0.0-1)…
Selecting previously unselected package node-brace-expansion.
Preparing to unpack …/018-node-brace-expansion_2.0.1+~1.1.0-2_all.deb…
Unpacking node-brace-expansion (2.0.1+~1.1.0-2)…
Selecting previously unselected package node-minimatch.
Preparing to unpack …/019-node-minimatch_9.0.3-6_all.deb…
Unpacking node-minimatch (9.0.3-6)…
Selecting previously unselected package node-ms.
Preparing to unpack …/020-node-ms_2.1.3+~cs0.7.31-3_all.deb…
Unpacking node-ms (2.1.3+~cs0.7.31-3)…
Selecting previously unselected package node-debug.
Preparing to unpack …/021-node-debug_4.4.3+~4.1.13-1_all.deb…
Unpacking node-debug (4.4.3+~4.1.13-1)…
Selecting previously unselected package node-lru-cache.
Preparing to unpack …/022-node-lru-cache_10.0.1-3_all.deb…
Unpacking node-lru-cache (10.0.1-3)…
Selecting previously unselected package node-semver.
Preparing to unpack …/023-node-semver_7.6.1+~7.5.8-2_all.deb…
Unpacking node-semver (7.6.1+~7.5.8-2)…
Selecting previously unselected package node-llhttp.
Preparing to unpack …/024-node-llhttp_9.3.3~really9.3.0+~cs12.11.8-3build1_all.deb…
Unpacking node-llhttp (9.3.3~really9.3.0+~cs12.11.8-3build1)…
Selecting previously unselected package node-undici.
Preparing to unpack …/025-node-undici_7.18.2+dfsg+~cs3.2.0-1build1_all.deb…
Unpacking node-undici (7.18.2+dfsg+~cs3.2.0-1build1)…
Selecting previously unselected package libnode127:amd64.
Preparing to unpack …/026-libnode127_22.22.1+dfsg+~cs22.19.15-1ubuntu1_amd64.deb…
Unpacking libnode127:amd64 (22.22.1+dfsg+~cs22.19.15-1ubuntu1)…
Selecting previously unselected package node-corepack.
Preparing to unpack …/027-node-corepack_0.24.0-5build1_all.deb…
Unpacking node-corepack (0.24.0-5build1)…
Selecting previously unselected package nodejs.
Preparing to unpack …/028-nodejs_22.22.1+dfsg+~cs22.19.15-1ubuntu1_amd64.deb…
Unpacking nodejs (22.22.1+dfsg+~cs22.19.15-1ubuntu1)…
Selecting previously unselected package node-ajv.
Preparing to unpack …/029-node-ajv_8.17.1~ds+~3.0.1+~3.1.0-4build1_all.deb…
Unpacking node-ajv (8.17.1~ds+~3.0.1+~3.1.0-4build1)…
Selecting previously unselected package libjs-inherits.
Preparing to unpack …/030-libjs-inherits_2.0.4-6_all.deb…
Unpacking libjs-inherits (2.0.4-6)…
Selecting previously unselected package node-inherits.
Preparing to unpack …/031-node-inherits_2.0.4-6_all.deb…
Unpacking node-inherits (2.0.4-6)…
Selecting previously unselected package node-core-util-is.
Preparing to unpack …/032-node-core-util-is_1.0.3-1_all.deb…
Unpacking node-core-util-is (1.0.3-1)…
Selecting previously unselected package node-safe-buffer.
Preparing to unpack …/033-node-safe-buffer_5.2.1+~cs2.1.2-3_all.deb…
Unpacking node-safe-buffer (5.2.1+~cs2.1.2-3)…
Selecting previously unselected package node-string-decoder.
Preparing to unpack …/034-node-string-decoder_1.3.0-6_all.deb…
Unpacking node-string-decoder (1.3.0-6)…
Selecting previously unselected package node-process-nextick-args.
Preparing to unpack …/035-node-process-nextick-args_2.0.1-3_all.deb…
Unpacking node-process-nextick-args (2.0.1-3)…
Selecting previously unselected package node-util-deprecate.
Preparing to unpack …/036-node-util-deprecate_1.0.2-4_all.deb…
Unpacking node-util-deprecate (1.0.2-4)…
Selecting previously unselected package node-isarray.
Preparing to unpack …/037-node-isarray_2.0.5-4_all.deb…
Unpacking node-isarray (2.0.5-4)…
Selecting previously unselected package node-readable-stream.
Preparing to unpack …/038-node-readable-stream_3.6.0+~cs3.0.0-4build1_all.deb…
Unpacking node-readable-stream (3.6.0+~cs3.0.0-4build1)…
Selecting previously unselected package node-typedarray.
Preparing to unpack …/039-node-typedarray_0.0.7-1_all.deb…
Unpacking node-typedarray (0.0.7-1)…
Selecting previously unselected package node-concat-stream.
Preparing to unpack …/040-node-concat-stream_2.0.0+~2.0.3-1_all.deb…
Unpacking node-concat-stream (2.0.0+~2.0.3-1)…
Selecting previously unselected package node-esutils.
Preparing to unpack …/041-node-esutils_2.0.3+~2.0.2-2_all.deb…
Unpacking node-esutils (2.0.3+~2.0.2-2)…
Selecting previously unselected package node-doctrine.
Preparing to unpack …/042-node-doctrine_3.0.0-4_all.deb…
Unpacking node-doctrine (3.0.0-4)…
Selecting previously unselected package node-eslint-visitor-keys.
Preparing to unpack …/043-node-eslint-visitor-keys_3.3.0+~1.0.0-2_all.deb…
Unpacking node-eslint-visitor-keys (3.3.0+~1.0.0-2)…
Selecting previously unselected package node-estraverse.
Preparing to unpack …/044-node-estraverse_5.3.0+ds+~5.1.1-1_all.deb…
Unpacking node-estraverse (5.3.0+ds+~5.1.1-1)…
Selecting previously unselected package node-object-assign.
Preparing to unpack …/045-node-object-assign_4.1.1-7_all.deb…
Unpacking node-object-assign (4.1.1-7)…
Selecting previously unselected package node-esrecurse.
Preparing to unpack …/046-node-esrecurse_4.3.0-2_all.deb…
Unpacking node-esrecurse (4.3.0-2)…
Selecting previously unselected package node-eslint-scope.
Preparing to unpack …/047-node-eslint-scope_7.1.1+~3.7.4-1_all.deb…
Unpacking node-eslint-scope (7.1.1+~3.7.4-1)…
Selecting previously unselected package node-espree.
Preparing to unpack …/048-node-espree_9.4.1~dfsg-2_all.deb…
Unpacking node-espree (9.4.1~dfsg-2)…
Selecting previously unselected package node-esquery.
Preparing to unpack …/049-node-esquery_1.4.2~ds-2_all.deb…
Unpacking node-esquery (1.4.2~ds-2)…
Selecting previously unselected package node-eslint-utils.
Preparing to unpack …/050-node-eslint-utils_3.0.0-4_all.deb…
Unpacking node-eslint-utils (3.0.0-4)…
Selecting previously unselected package node-flatted.
Preparing to unpack …/051-node-flatted_3.4.2~ds-1_all.deb…
Unpacking node-flatted (3.4.2~ds-1)…
Selecting previously unselected package node-iconv-lite.
Preparing to unpack …/052-node-iconv-lite_0.6.3-3_all.deb…
Unpacking node-iconv-lite (0.6.3-3)…
Selecting previously unselected package node-encoding.
Preparing to unpack …/053-node-encoding_0.1.13-2_all.deb…
Unpacking node-encoding (0.1.13-2)…
Selecting previously unselected package node-jsonparse.
Preparing to unpack …/054-node-jsonparse_1.3.1-10_all.deb…
Unpacking node-jsonparse (1.3.1-10)…
Selecting previously unselected package node-yallist.
Preparing to unpack …/055-node-yallist_4.0.0+~4.0.1-2_all.deb…
Unpacking node-yallist (4.0.0+~4.0.1-2)…
Selecting previously unselected package node-minipass.
Preparing to unpack …/056-node-minipass_5.0.0+~cs13.3.24-1build1_all.deb…
Unpacking node-minipass (5.0.0+~cs13.3.24-1build1)…
Selecting previously unselected package node-path-scurry.
Preparing to unpack …/057-node-path-scurry_1.9.2-2_all.deb…
Unpacking node-path-scurry (1.9.2-2)…
Selecting previously unselected package node-glob.
Preparing to unpack …/058-node-glob_10.3.6+~cs0.4.15-8build1_all.deb…
Unpacking node-glob (10.3.6+~cs0.4.15-8build1)…
Selecting previously unselected package node-rimraf.
Preparing to unpack …/059-node-rimraf_4.4.1-6_all.deb…
Unpacking node-rimraf (4.4.1-6)…
Selecting previously unselected package node-write.
Preparing to unpack …/060-node-write_2.0.0~6.0.1+~3.0.4+~2.0.0+~1.0.0+~2.0.1-5_all.deb…
Unpacking node-write (2.0.0~6.0.1+~3.0.4+~2.0.0+~1.0.0+~2.0.1-5)…
Selecting previously unselected package node-flat-cache.
Preparing to unpack …/061-node-flat-cache_3.0.4~6.0.1+~3.0.4+~2.0.0+~1.0.0+~2.0.1-5_all.deb…
Unpacking node-flat-cache (3.0.4~6.0.1+~3.0.4+~2.0.0+~1.0.0+~2.0.1-5)…
Selecting previously unselected package node-file-entry-cache.
Preparing to unpack …/062-node-file-entry-cache_6.0.1+~3.0.4+~2.0.0+~1.0.0+~2.0.1-5_all.deb…
Unpacking node-file-entry-cache (6.0.1+~3.0.4+~2.0.0+~1.0.0+~2.0.1-5)…
Selecting previously unselected package node-functional-red-black-tree.
Preparing to unpack …/063-node-functional-red-black-tree_1.0.1+20181105-8_all.deb…
Unpacking node-functional-red-black-tree (1.0.1+20181105-8)…
Selecting previously unselected package node-is-extglob.
Preparing to unpack …/064-node-is-extglob_2.1.1-5_all.deb…
Unpacking node-is-extglob (2.1.1-5)…
Selecting previously unselected package node-is-glob.
Preparing to unpack …/065-node-is-glob_4.0.3-2_all.deb…
Unpacking node-is-glob (4.0.3-2)…
Selecting previously unselected package node-path-dirname.
Preparing to unpack …/066-node-path-dirname_1.0.2-2_all.deb…
Unpacking node-path-dirname (1.0.2-2)…
Selecting previously unselected package node-glob-parent.
Preparing to unpack …/067-node-glob-parent_6.0.2+~5.1.3-1_all.deb…
Unpacking node-glob-parent (6.0.2+~5.1.3-1)…
Selecting previously unselected package node-globals.
Preparing to unpack …/068-node-globals_13.23.0-1_all.deb…
Unpacking node-globals (13.23.0-1)…
Selecting previously unselected package node-resolve-from.
Preparing to unpack …/069-node-resolve-from_5.0.0+~3.1.0+~3.3.0+~2.0.0-1_all.deb…
Unpacking node-resolve-from (5.0.0+~3.1.0+~3.3.0+~2.0.0-1)…
Selecting previously unselected package node-imurmurhash.
Preparing to unpack …/070-node-imurmurhash_0.1.4+dfsg+~0.1.1-2_all.deb…
Unpacking node-imurmurhash (0.1.4+dfsg+~0.1.1-2)…
Selecting previously unselected package node-ignore.
Preparing to unpack …/071-node-ignore_5.2.1-1_all.deb…
Unpacking node-ignore (5.2.1-1)…
Selecting previously unselected package node-prelude-ls.
Preparing to unpack …/072-node-prelude-ls_1.2.1+dfsg-3_all.deb…
Unpacking node-prelude-ls (1.2.1+dfsg-3)…
Selecting previously unselected package node-type-check.
Preparing to unpack …/073-node-type-check_0.4.0+dfsg-3_all.deb…
Unpacking node-type-check (0.4.0+dfsg-3)…
Selecting previously unselected package node-levn.
Preparing to unpack …/074-node-levn_0.4.1+dfsg-2_all.deb…
Unpacking node-levn (0.4.1+dfsg-2)…
Selecting previously unselected package node-lodash.
Preparing to unpack …/075-node-lodash_4.17.23+dfsg-1_all.deb…
Unpacking node-lodash (4.17.23+dfsg-1)…
Selecting previously unselected package node-memfs.
Preparing to unpack …/076-node-memfs_3.4.12+~cs1.0.3-1_all.deb…
Unpacking node-memfs (3.4.12+~cs1.0.3-1)…
Selecting previously unselected package node-mkdirp.
Preparing to unpack …/077-node-mkdirp_2.1.6+~cs5.2.1-5_all.deb…
Unpacking node-mkdirp (2.1.6+~cs5.2.1-5)…
Selecting previously unselected package node-deep-is.
Preparing to unpack …/078-node-deep-is_0.1.4-1_all.deb…
Unpacking node-deep-is (0.1.4-1)…
Selecting previously unselected package node-fast-levenshtein.
Preparing to unpack …/079-node-fast-levenshtein_2.0.6+ds-3_all.deb…
Unpacking node-fast-levenshtein (2.0.6+ds-3)…
Selecting previously unselected package node-optionator.
Preparing to unpack …/080-node-optionator_0.9.1+dfsg+~cs1.2.3-1_all.deb…
Unpacking node-optionator (0.9.1+dfsg+~cs1.2.3-1)…
Selecting previously unselected package node-progress.
Preparing to unpack …/081-node-progress_2.0.3-2_all.deb…
Unpacking node-progress (2.0.3-2)…
Selecting previously unselected package libjs-regenerate.
Preparing to unpack …/082-libjs-regenerate_1.4.2-3_all.deb…
Unpacking libjs-regenerate (1.4.2-3)…
Selecting previously unselected package node-regenerate.
Preparing to unpack …/083-node-regenerate_1.4.2-3_all.deb…
Unpacking node-regenerate (1.4.2-3)…
Selecting previously unselected package node-regenerate-unicode-properties.
Preparing to unpack …/084-node-regenerate-unicode-properties_10.2.2+ds-2_all.deb…
Unpacking node-regenerate-unicode-properties (10.2.2+ds-2)…
Selecting previously unselected package node-regexpp.
Preparing to unpack …/085-node-regexpp_3.2.0-7_all.deb…
Unpacking node-regexpp (3.2.0-7)…
Selecting previously unselected package node-strip-json-comments.
Preparing to unpack …/086-node-strip-json-comments_4.0.0-4_all.deb…
Unpacking node-strip-json-comments (4.0.0-4)…
Selecting previously unselected package node-json-schema.
Preparing to unpack …/087-node-json-schema_0.4.0+~7.0.15-1_all.deb…
Unpacking node-json-schema (0.4.0+~7.0.15-1)…
Selecting previously unselected package node-v8-compile-cache.
Preparing to unpack …/088-node-v8-compile-cache_2.4.0-4_all.deb…
Unpacking node-v8-compile-cache (2.4.0-4)…
Selecting previously unselected package eslint.
Preparing to unpack …/089-eslint_6.4.0~dfsg+~6.1.9-12_all.deb…
Unpacking eslint (6.4.0~dfsg+~6.1.9-12)…
Selecting previously unselected package fonts-dejavu-extra.
Preparing to unpack …/090-fonts-dejavu-extra_2.37-8build1_all.deb…
Unpacking fonts-dejavu-extra (2.37-8build1)…
Selecting previously unselected package python3-packaging.
Preparing to unpack …/091-python3-packaging_26.0-1_all.deb…
Unpacking python3-packaging (26.0-1)…
Selecting previously unselected package gyp.
Preparing to unpack …/092-gyp_0.16.2-2build1_all.deb…
Unpacking gyp (0.16.2-2build1)…
Selecting previously unselected package node-neo-async.
Preparing to unpack …/093-node-neo-async_2.6.2+~cs3.0.0-3_all.deb…
Unpacking node-neo-async (2.6.2+~cs3.0.0-3)…
Selecting previously unselected package node-arrify.
Preparing to unpack …/094-node-arrify_2.0.1-3_all.deb…
Unpacking node-arrify (2.0.1-3)…
Selecting previously unselected package node-is-plain-obj.
Preparing to unpack …/095-node-is-plain-obj_3.0.0-2_all.deb…
Unpacking node-is-plain-obj (3.0.0-2)…
Selecting previously unselected package node-is-buffer.
Preparing to unpack …/096-node-is-buffer_2.0.5-2_all.deb…
Unpacking node-is-buffer (2.0.5-2)…
Selecting previously unselected package node-kind-of.
Preparing to unpack …/097-node-kind-of_6.0.3+dfsg-2_all.deb…
Unpacking node-kind-of (6.0.3+dfsg-2)…
Selecting previously unselected package node-minimist.
Preparing to unpack …/098-node-minimist_1.2.8+~cs5.3.5-1_all.deb…
Unpacking node-minimist (1.2.8+~cs5.3.5-1)…
Selecting previously unselected package node-wordwrap.
Preparing to unpack …/099-node-wordwrap_1.0.0-4_all.deb…
Unpacking node-wordwrap (1.0.0-4)…
Selecting previously unselected package node-optimist.
Preparing to unpack …/100-node-optimist_0.6.1+~0.0.30-2_all.deb…
Unpacking node-optimist (0.6.1+~0.0.30-2)…
Selecting previously unselected package libjs-source-map.
Preparing to unpack …/101-libjs-source-map_0.7.0++dfsg2+really.0.6.1-15_all.deb…
Unpacking libjs-source-map (0.7.0++dfsg2+really.0.6.1-15)…
Selecting previously unselected package node-source-map.
Preparing to unpack …/102-node-source-map_0.7.0++dfsg2+really.0.6.1-15_all.deb…
Unpacking node-source-map (0.7.0++dfsg2+really.0.6.1-15)…
Selecting previously unselected package handlebars.
Preparing to unpack …/103-handlebars_3%3a4.7.7+~4.1.0-1_all.deb…
Unpacking handlebars (3:4.7.7+~4.1.0-1)…
Selecting previously unselected package java-common.
Preparing to unpack …/104-java-common_0.77_all.deb…
Unpacking java-common (0.77)…
Selecting previously unselected package javascript-common.
Preparing to unpack …/105-javascript-common_12+nmu1build1_all.deb…
Unpacking javascript-common (12+nmu1build1)…
Selecting previously unselected package libatk-wrapper-java.
Preparing to unpack …/106-libatk-wrapper-java_0.44.0-1_all.deb…
Unpacking libatk-wrapper-java (0.44.0-1)…
Selecting previously unselected package libatk-wrapper-java-jni:amd64.
Preparing to unpack …/107-libatk-wrapper-java-jni_0.44.0-1_amd64.deb…
Unpacking libatk-wrapper-java-jni:amd64 (0.44.0-1)…
Selecting previously unselected package libexpat1-dev:amd64.
Preparing to unpack …/108-libexpat1-dev_2.7.4-1_amd64.deb…
Unpacking libexpat1-dev:amd64 (2.7.4-1)…
Selecting previously unselected package xorg-sgml-doctools.
Preparing to unpack …/109-xorg-sgml-doctools_1%3a1.11-1.1build1_all.deb…
Unpacking xorg-sgml-doctools (1:1.11-1.1build1)…
Selecting previously unselected package x11proto-dev.
Preparing to unpack …/110-x11proto-dev_2025.1-1_all.deb…
Unpacking x11proto-dev (2025.1-1)…
Selecting previously unselected package libice-dev:amd64.
Preparing to unpack …/111-libice-dev_2%3a1.1.1-1build1_amd64.deb…
Unpacking libice-dev:amd64 (2:1.1.1-1build1)…
Selecting previously unselected package libjs-events.
Preparing to unpack …/112-libjs-events_3.3.0+~3.0.3-1_all.deb…
Unpacking libjs-events (3.3.0+~3.0.3-1)…
Selecting previously unselected package libjs-prettify.
Preparing to unpack …/113-libjs-prettify_2015.12.04+dfsg-3_all.deb…
Unpacking libjs-prettify (2015.12.04+dfsg-3)…
Selecting previously unselected package libjs-sprintf-js.
Preparing to unpack …/114-libjs-sprintf-js_1.1.3+ds1+~1.1.4-2_all.deb…
Unpacking libjs-sprintf-js (1.1.3+ds1+~1.1.4-2)…
Selecting previously unselected package node-lodash-packages.
Preparing to unpack …/115-node-lodash-packages_4.17.23+dfsg-1_all.deb…
Unpacking node-lodash-packages (4.17.23+dfsg-1)…
Selecting previously unselected package node-function-bind.
Preparing to unpack …/116-node-function-bind_1.1.2+~cs2.1.14-2_all.deb…
Unpacking node-function-bind (1.1.2+~cs2.1.14-2)…
Selecting previously unselected package node-object-inspect.
Preparing to unpack …/117-node-object-inspect_1.12.2+~cs1.8.1-1_all.deb…
Unpacking node-object-inspect (1.12.2+~cs1.8.1-1)…
Selecting previously unselected package node-es-abstract.
Preparing to unpack …/118-node-es-abstract_1.20.4+~cs26.27.47-2_all.deb…
Unpacking node-es-abstract (1.20.4+~cs26.27.47-2)…
Selecting previously unselected package node-resolve.
Preparing to unpack …/119-node-resolve_1.22.10+~cs5.37.15-1_all.deb…
Unpacking node-resolve (1.22.10+~cs5.37.15-1)…
Selecting previously unselected package node-define-properties.
Preparing to unpack …/120-node-define-properties_1.2.1+~cs2.2.3-1_all.deb…
Unpacking node-define-properties (1.2.1+~cs2.2.3-1)…
Selecting previously unselected package node-debbundle-es-to-primitive.
Preparing to unpack …/121-node-debbundle-es-to-primitive_1.2.1+~cs9.7.25-2_all.deb…
Unpacking node-debbundle-es-to-primitive (1.2.1+~cs9.7.25-2)…
Selecting previously unselected package node-isobject.
Preparing to unpack …/122-node-isobject_4.0.0-2_all.deb…
Unpacking node-isobject (4.0.0-2)…
Selecting previously unselected package node-is-descriptor.
Preparing to unpack …/123-node-is-descriptor_3.0.0-2_all.deb…
Unpacking node-is-descriptor (3.0.0-2)…
Selecting previously unselected package node-define-property.
Preparing to unpack …/124-node-define-property_2.0.2+really+2.0.2-3_all.deb…
Unpacking node-define-property (2.0.2+really+2.0.2-3)…
Selecting previously unselected package node-defined.
Preparing to unpack …/125-node-defined_1.0.1+~1.0.2-1_all.deb…
Unpacking node-defined (1.0.1+~1.0.2-1)…
Selecting previously unselected package node-abbrev.
Preparing to unpack …/126-node-abbrev_1.1.1+~1.1.2-1_all.deb…
Unpacking node-abbrev (1.1.1+~1.1.2-1)…
Selecting previously unselected package node-archy.
Preparing to unpack …/127-node-archy_1.0.0-7_all.deb…
Unpacking node-archy (1.0.0-7)…
Selecting previously unselected package node-async.
Preparing to unpack …/128-node-async_3.2.6+dfsg-3_all.deb…
Unpacking node-async (3.2.6+dfsg-3)…
Selecting previously unselected package node-convert-source-map.
Preparing to unpack …/129-node-convert-source-map_2.0.0+~2.0.3-2_all.deb…
Unpacking node-convert-source-map (2.0.0+~2.0.3-2)…
Selecting previously unselected package node-decamelize.
Preparing to unpack …/130-node-decamelize_4.0.0-2_all.deb…
Unpacking node-decamelize (4.0.0-2)…
Selecting previously unselected package node-es6-error.
Preparing to unpack …/131-node-es6-error_4.1.1-5_all.deb…
Unpacking node-es6-error (4.1.1-5)…
Selecting previously unselected package node-esprima.
Preparing to unpack …/132-node-esprima_4.0.1+ds+~4.0.3-2_all.deb…
Unpacking node-esprima (4.0.1+ds+~4.0.3-2)…
Selecting previously unselected package node-picocolors.
Preparing to unpack …/133-node-picocolors_1.1.1-1_all.deb…
Unpacking node-picocolors (1.1.1-1)…
Selecting previously unselected package node-postcss.
Preparing to unpack …/134-node-postcss_8.5.8+~cs9.3.30-1_all.deb…
Unpacking node-postcss (8.5.8+~cs9.3.30-1)…
Selecting previously unselected package node-escodegen.
Preparing to unpack …/135-node-escodegen_2.1.0+dfsg+~0.0.10-2_all.deb…
Unpacking node-escodegen (2.1.0+dfsg+~0.0.10-2)…
Selecting previously unselected package node-commondir.
Preparing to unpack …/136-node-commondir_1.0.1+~1.0.0-1_all.deb…
Unpacking node-commondir (1.0.1+~1.0.0-1)…
Selecting previously unselected package node-is-number.
Preparing to unpack …/137-node-is-number_7.0.0-4_all.deb…
Unpacking node-is-number (7.0.0-4)…
Selecting previously unselected package node-repeat-string.
Preparing to unpack …/138-node-repeat-string_1.6.1+repack-1_all.deb…
Unpacking node-repeat-string (1.6.1+repack-1)…
Selecting previously unselected package node-to-regex-range.
Preparing to unpack …/139-node-to-regex-range_5.0.1-4_all.deb…
Unpacking node-to-regex-range (5.0.1-4)…
Selecting previously unselected package node-fill-range.
Preparing to unpack …/140-node-fill-range_7.1.1+~7.0.3-1_all.deb…
Unpacking node-fill-range (7.1.1+~7.0.3-1)…
Selecting previously unselected package node-braces.
Preparing to unpack …/141-node-braces_3.0.3+~3.0.5-1_all.deb…
Unpacking node-braces (3.0.3+~3.0.5-1)…
Selecting previously unselected package node-normalize-path.
Preparing to unpack …/142-node-normalize-path_3.0.0+~3.0.2-1_all.deb…
Unpacking node-normalize-path (3.0.0+~3.0.2-1)…
Selecting previously unselected package node-anymatch.
Preparing to unpack …/143-node-anymatch_3.1.3+~cs8.0.6-1_all.deb…
Unpacking node-anymatch (3.1.3+~cs8.0.6-1)…
Selecting previously unselected package node-micromatch.
Preparing to unpack …/144-node-micromatch_4.0.8+~4.0.10-2_all.deb…
Unpacking node-micromatch (4.0.8+~4.0.10-2)…
Selecting previously unselected package node-pify.
Preparing to unpack …/145-node-pify_5.0.0+~cs5.0.1-1_all.deb…
Unpacking node-pify (5.0.0+~cs5.0.1-1)…
Selecting previously unselected package node-path-type.
Preparing to unpack …/146-node-path-type_4.0.0-3_all.deb…
Unpacking node-path-type (4.0.0-3)…
Selecting previously unselected package node-n3.
Preparing to unpack …/147-node-n3_1.16.3+~1.2.3+~1.10.4-3_all.deb…
Unpacking node-n3 (1.16.3+~1.2.3+~1.10.4-3)…
Selecting previously unselected package node-slash.
Preparing to unpack …/148-node-slash_5.1.0-2build1_all.deb…
Unpacking node-slash (5.1.0-2build1)…
Selecting previously unselected package node-globby.
Preparing to unpack …/149-node-globby_13.1.3+~cs16.25.40-4_all.deb…
Unpacking node-globby (13.1.3+~cs16.25.40-4)…
Selecting previously unselected package node-graceful-fs.
Preparing to unpack …/150-node-graceful-fs_4.2.11-1_all.deb…
Unpacking node-graceful-fs (4.2.11-1)…
Selecting previously unselected package node-is-path-cwd.
Preparing to unpack …/151-node-is-path-cwd_2.2.0-2_all.deb…
Unpacking node-is-path-cwd (2.2.0-2)…
Selecting previously unselected package node-path-is-inside.
Preparing to unpack …/152-node-path-is-inside_1.0.2+~1.0.3-1_all.deb…
Unpacking node-path-is-inside (1.0.2+~1.0.3-1)…
Selecting previously unselected package node-is-path-inside.
Preparing to unpack …/153-node-is-path-inside_3.0.3-2_all.deb…
Unpacking node-is-path-inside (3.0.3-2)…
Selecting previously unselected package node-escape-string-regexp.
Preparing to unpack …/154-node-escape-string-regexp_4.0.0-2_all.deb…
Unpacking node-escape-string-regexp (4.0.0-2)…
Selecting previously unselected package node-indent-string.
Preparing to unpack …/155-node-indent-string_4.0.0-2_all.deb…
Unpacking node-indent-string (4.0.0-2)…
Selecting previously unselected package node-p-map.
Preparing to unpack …/156-node-p-map_4.0.0+~3.1.0+~3.0.1-2_all.deb…
Unpacking node-p-map (4.0.0+~3.1.0+~3.0.1-2)…
Selecting previously unselected package node-del.
Preparing to unpack …/157-node-del_7.1.0-2_all.deb…
Unpacking node-del (7.1.0-2)…
Selecting previously unselected package node-make-dir.
Preparing to unpack …/158-node-make-dir_3.1.0-3_all.deb…
Unpacking node-make-dir (3.1.0-3)…
Selecting previously unselected package node-p-limit.
Preparing to unpack …/159-node-p-limit_4.0.0+~cs4.0.0-5_all.deb…
Unpacking node-p-limit (4.0.0+~cs4.0.0-5)…
Selecting previously unselected package node-p-locate.
Preparing to unpack …/160-node-p-locate_6.0.0-14_all.deb…
Unpacking node-p-locate (6.0.0-14)…
Selecting previously unselected package node-locate-path.
Preparing to unpack …/161-node-locate-path_7.1.1-2_all.deb…
Unpacking node-locate-path (7.1.1-2)…
Selecting previously unselected package node-path-exists.
Preparing to unpack …/162-node-path-exists_5.0.0-9_all.deb…
Unpacking node-path-exists (5.0.0-9)…
Selecting previously unselected package node-find-up.
Preparing to unpack …/163-node-find-up_6.3.0-8_all.deb…
Unpacking node-find-up (6.3.0-8)…
Selecting previously unselected package node-pkg-dir.
Preparing to unpack …/164-node-pkg-dir_5.0.0-2_all.deb…
Unpacking node-pkg-dir (5.0.0-2)…
Selecting previously unselected package node-find-cache-dir.
Preparing to unpack …/165-node-find-cache-dir_3.3.2+~3.2.1-1_all.deb…
Unpacking node-find-cache-dir (3.3.2+~3.2.1-1)…
Selecting previously unselected package node-signal-exit.
Preparing to unpack …/166-node-signal-exit_4.1.0-8_all.deb…
Unpacking node-signal-exit (4.1.0-8)…
Selecting previously unselected package node-foreground-child.
Preparing to unpack …/167-node-foreground-child_4.0.3-1_all.deb…
Unpacking node-foreground-child (4.0.3-1)…
Selecting previously unselected package node-is-stream.
Preparing to unpack …/168-node-is-stream_3.0.0-5_all.deb…
Unpacking node-is-stream (3.0.0-5)…
Selecting previously unselected package node-is-windows.
Preparing to unpack …/169-node-is-windows_1.0.2+~cs1.0.0-1_all.deb…
Unpacking node-is-windows (1.0.2+~cs1.0.0-1)…
Selecting previously unselected package node-ampproject-remapping.
Preparing to unpack …/170-node-ampproject-remapping_2.2.0+~cs5.15.37-1_all.deb…
Unpacking node-ampproject-remapping (2.2.0+~cs5.15.37-1)…
Selecting previously unselected package node-sprintf-js.
Preparing to unpack …/171-node-sprintf-js_1.1.3+ds1+~1.1.4-2_all.deb…
Unpacking node-sprintf-js (1.1.3+ds1+~1.1.4-2)…
Selecting previously unselected package node-argparse.
Preparing to unpack …/172-node-argparse_2.0.1-3_all.deb…
Unpacking node-argparse (2.0.1-3)…
Selecting previously unselected package node-js-yaml.
Preparing to unpack …/173-node-js-yaml_4.1.1+dfsg+~4.0.9-1_all.deb…
Unpacking node-js-yaml (4.1.1+dfsg+~4.0.9-1)…
Selecting previously unselected package node-nopt.
Preparing to unpack …/174-node-nopt_9.0.0-1build1_all.deb…
Unpacking node-nopt (9.0.0-1build1)…
Selecting previously unselected package node-wrappy.
Preparing to unpack …/175-node-wrappy_1.0.2-3_all.deb…
Unpacking node-wrappy (1.0.2-3)…
Selecting previously unselected package node-once.
Preparing to unpack …/176-node-once_1.4.1-1_all.deb…
Unpacking node-once (1.4.1-1)…
Selecting previously unselected package node-npm-run-path.
Preparing to unpack …/177-node-npm-run-path_5.1.0+~4.0.0-9_all.deb…
Unpacking node-npm-run-path (5.1.0+~4.0.0-9)…
Selecting previously unselected package node-shebang-regex.
Preparing to unpack …/178-node-shebang-regex_3.0.0-2_all.deb…
Unpacking node-shebang-regex (3.0.0-2)…
Selecting previously unselected package node-shebang-command.
Preparing to unpack …/179-node-shebang-command_2.0.0-1_all.deb…
Unpacking node-shebang-command (2.0.0-1)…
Selecting previously unselected package node-strip-bom.
Preparing to unpack …/180-node-strip-bom_4.0.0-2_all.deb…
Unpacking node-strip-bom (4.0.0-2)…
Selecting previously unselected package node-has-flag.
Preparing to unpack …/181-node-has-flag_5.0.1-1_all.deb…
Unpacking node-has-flag (5.0.1-1)…
Selecting previously unselected package node-supports-color.
Preparing to unpack …/182-node-supports-color_10.2.2+ds-3_all.deb…
Unpacking node-supports-color (10.2.2+ds-3)…
Selecting previously unselected package node-util.
Preparing to unpack …/183-node-util_0.12.5+~1.0.10-2_all.deb…
Unpacking node-util (0.12.5+~1.0.10-2)…
Selecting previously unselected package node-assert.
Preparing to unpack …/184-node-assert_2.0.0+~cs3.9.8-2_all.deb…
Unpacking node-assert (2.0.0+~cs3.9.8-2)…
Selecting previously unselected package node-babel-plugin-add-module-exports.
Preparing to unpack …/185-node-babel-plugin-add-module-exports_1.0.4+dfsg1~cs5.8.0-4_all.deb…
Unpacking node-babel-plugin-add-module-exports (1.0.4+dfsg1~cs5.8.0-4)…
Selecting previously unselected package node-regenerator-runtime.
Preparing to unpack …/186-node-regenerator-runtime_0.15.2+~0.10.8-1_all.deb…
Unpacking node-regenerator-runtime (0.15.2+~0.10.8-1)…
Selecting previously unselected package node-babel7-runtime.
Preparing to unpack …/187-node-babel7-runtime_7.20.15+ds1+~cs214.269.168-16_all.deb…
Unpacking node-babel7-runtime (7.20.15+ds1+~cs214.269.168-16)…
Selecting previously unselected package node-babel-helper-define-polyfill-provider.
Preparing to unpack …/188-node-babel-helper-define-polyfill-provider_0.3.3~0~20220913+ds1-1_all.deb…
Unpacking node-babel-helper-define-polyfill-provider (0.3.3~0~20220913+ds1-1)…
Selecting previously unselected package node-babel-plugin-polyfill-corejs2.
Preparing to unpack …/189-node-babel-plugin-polyfill-corejs2_0.3.3~0~20220913+ds1-1_all.deb…
Unpacking node-babel-plugin-polyfill-corejs2 (0.3.3~0~20220913+ds1-1)…
Selecting previously unselected package node-caniuse-lite.
Preparing to unpack …/190-node-caniuse-lite_1.0.30001780+dfsg+~1.0.5-1_all.deb…
Unpacking node-caniuse-lite (1.0.30001780+dfsg+~1.0.5-1)…
Selecting previously unselected package node-electron-to-chromium.
Preparing to unpack …/191-node-electron-to-chromium_1.5.322-1_all.deb…
Unpacking node-electron-to-chromium (1.5.322-1)…
Selecting previously unselected package node-browserslist.
Preparing to unpack …/192-node-browserslist_4.28.1+~cs8.14.48-1_all.deb…
Unpacking node-browserslist (4.28.1+~cs8.14.48-1)…
Selecting previously unselected package node-core-js-compat.
Preparing to unpack …/193-node-core-js-compat_3.33.2-1build2_all.deb…
Unpacking node-core-js-compat (3.33.2-1build2)…
Selecting previously unselected package node-babel-plugin-polyfill-corejs3.
Preparing to unpack …/194-node-babel-plugin-polyfill-corejs3_0.6.0~0~20220913+ds1-1_all.deb…
Unpacking node-babel-plugin-polyfill-corejs3 (0.6.0~0~20220913+ds1-1)…
Selecting previously unselected package node-babel-plugin-polyfill-regenerator.
Preparing to unpack …/195-node-babel-plugin-polyfill-regenerator_0.4.1~0~20220913+ds1-1_all.deb…
Unpacking node-babel-plugin-polyfill-regenerator (0.4.1~0~20220913+ds1-1)…
Selecting previously unselected package node-color-name.
Preparing to unpack …/196-node-color-name_1.1.4+~1.1.1-2_all.deb…
Unpacking node-color-name (1.1.4+~1.1.1-2)…
Selecting previously unselected package node-color-convert.
Preparing to unpack …/197-node-color-convert_2.0.1+~cs2.0.0-2_all.deb…
Unpacking node-color-convert (2.0.1+~cs2.0.0-2)…
Selecting previously unselected package node-ansi-styles.
Preparing to unpack …/198-node-ansi-styles_6.2.3-1_all.deb…
Unpacking node-ansi-styles (6.2.3-1)…
Selecting previously unselected package node-chalk.
Preparing to unpack …/199-node-chalk_5.6.2+dfsg-5build3_all.deb…
Unpacking node-chalk (5.6.2+dfsg-5build3)…
Selecting previously unselected package node-for-in.
Preparing to unpack …/200-node-for-in_1.0.2-4_all.deb…
Unpacking node-for-in (1.0.2-4)…
Selecting previously unselected package node-for-own.
Preparing to unpack …/201-node-for-own_1.0.0-3_all.deb…
Unpacking node-for-own (1.0.0-3)…
Selecting previously unselected package node-is-plain-object.
Preparing to unpack …/202-node-is-plain-object_5.0.0-8_all.deb…
Unpacking node-is-plain-object (5.0.0-8)…
Selecting previously unselected package node-is-extendable.
Preparing to unpack …/203-node-is-extendable_1.0.1-3_all.deb…
Unpacking node-is-extendable (1.0.1-3)…
Selecting previously unselected package node-clone-deep.
Preparing to unpack …/204-node-clone-deep_4.0.1+~cs7.0.2-1_all.deb…
Unpacking node-clone-deep (4.0.1+~cs7.0.2-1)…
Selecting previously unselected package node-commander.
Preparing to unpack …/205-node-commander_14.0.3-7_all.deb…
Unpacking node-commander (14.0.3-7)…
Selecting previously unselected package node-core-js.
Preparing to unpack …/206-node-core-js_3.33.2-1build2_all.deb…
Unpacking node-core-js (3.33.2-1build2)…
Selecting previously unselected package node-core-js-pure.
Preparing to unpack …/207-node-core-js-pure_3.33.2-1build2_all.deb…
Unpacking node-core-js-pure (3.33.2-1build2)…
Selecting previously unselected package node-fs-readdir-recursive.
Preparing to unpack …/208-node-fs-readdir-recursive_1.1.0+~1.1.3-1_all.deb…
Unpacking node-fs-readdir-recursive (1.1.0+~1.1.3-1)…
Selecting previously unselected package node-js-tokens.
Preparing to unpack …/209-node-js-tokens_8.0.0-2_all.deb…
Unpacking node-js-tokens (8.0.0-2)…
Selecting previously unselected package node-jsesc.
Preparing to unpack …/210-node-jsesc_3.0.2+~3.0.1-1_all.deb…
Unpacking node-jsesc (3.0.2+~3.0.1-1)…
Selecting previously unselected package node-json5.
Preparing to unpack …/211-node-json5_2.2.3+dfsg-3_all.deb…
Unpacking node-json5 (2.2.3+dfsg-3)…
Selecting previously unselected package node-quick-lru.
Preparing to unpack …/212-node-quick-lru_6.1.1-4_all.deb…
Unpacking node-quick-lru (6.1.1-4)…
Selecting previously unselected package node-regenerator-transform.
Preparing to unpack …/213-node-regenerator-transform_0.15.2+~0.10.8-1_all.deb…
Unpacking node-regenerator-transform (0.15.2+~0.10.8-1)…
Selecting previously unselected package node-regjsgen.
Preparing to unpack …/214-node-regjsgen_0.8.0+ds-1_all.deb…
Unpacking node-regjsgen (0.8.0+ds-1)…
Selecting previously unselected package node-regjsparser.
Preparing to unpack …/215-node-regjsparser_0.12.0+ds-2_all.deb…
Unpacking node-regjsparser (0.12.0+ds-2)…
Selecting previously unselected package node-unicode-canonical-property-names-ecmascript.
Preparing to unpack …/216-node-unicode-canonical-property-names-ecmascript_2.0.1-1_all.deb…
Unpacking node-unicode-canonical-property-names-ecmascript (2.0.1-1)…
Selecting previously unselected package node-unicode-property-aliases-ecmascript.
Preparing to unpack …/217-node-unicode-property-aliases-ecmascript_2.1.0+ds-1_all.deb…
Unpacking node-unicode-property-aliases-ecmascript (2.1.0+ds-1)…
Selecting previously unselected package node-unicode-match-property-ecmascript.
Preparing to unpack …/218-node-unicode-match-property-ecmascript_2.0.0-2_all.deb…
Unpacking node-unicode-match-property-ecmascript (2.0.0-2)…
Selecting previously unselected package node-unicode-match-property-value-ecmascript.
Preparing to unpack …/219-node-unicode-match-property-value-ecmascript_2.2.0+ds-1build1_all.deb…
Unpacking node-unicode-match-property-value-ecmascript (2.2.0+ds-1build1)…
Selecting previously unselected package node-regexpu-core.
Preparing to unpack …/220-node-regexpu-core_6.2.0-2build1_all.deb…
Unpacking node-regexpu-core (6.2.0-2build1)…
Selecting previously unselected package node-source-map-support.
Preparing to unpack …/221-node-source-map-support_0.5.21+ds+~0.5.10-2_all.deb…
Unpacking node-source-map-support (0.5.21+ds+~0.5.10-2)…
Selecting previously unselected package node-to-fast-properties.
Preparing to unpack …/222-node-to-fast-properties_3.0.1-3_all.deb…
Unpacking node-to-fast-properties (3.0.1-3)…
Selecting previously unselected package node-v8flags.
Preparing to unpack …/223-node-v8flags_3.2.0+~3.1.1-1_all.deb…
Unpacking node-v8flags (3.2.0+~3.1.1-1)…
Selecting previously unselected package node-babel7.
Preparing to unpack …/224-node-babel7_7.20.15+ds1+~cs214.269.168-16_all.deb…
Unpacking node-babel7 (7.20.15+ds1+~cs214.269.168-16)…
Selecting previously unselected package node-is-arrayish.
Preparing to unpack …/225-node-is-arrayish_0.3.4-1_all.deb…
Unpacking node-is-arrayish (0.3.4-1)…
Selecting previously unselected package node-error-ex.
Preparing to unpack …/226-node-error-ex_1.3.4-1_all.deb…
Unpacking node-error-ex (1.3.4-1)…
Selecting previously unselected package node-json-parse-better-errors.
Preparing to unpack …/227-node-json-parse-better-errors_1.0.2+~cs3.3.1-3_all.deb…
Unpacking node-json-parse-better-errors (1.0.2+~cs3.3.1-3)…
Selecting previously unselected package node-parse-json.
Preparing to unpack …/228-node-parse-json_5.2.0+~cs5.1.7-2_all.deb…
Unpacking node-parse-json (5.2.0+~cs5.1.7-2)…
Selecting previously unselected package node-hosted-git-info.
Preparing to unpack …/229-node-hosted-git-info_9.0.2-1build1_all.deb…
Unpacking node-hosted-git-info (9.0.2-1build1)…
Selecting previously unselected package node-spdx-license-ids.
Preparing to unpack …/230-node-spdx-license-ids_3.26.0-1_all.deb…
Unpacking node-spdx-license-ids (3.26.0-1)…
Selecting previously unselected package node-spdx-exceptions.
Preparing to unpack …/231-node-spdx-exceptions_2.5.0-1_all.deb…
Unpacking node-spdx-exceptions (2.5.0-1)…
Selecting previously unselected package node-spdx-expression-parse.
Preparing to unpack …/232-node-spdx-expression-parse_4.0.0+~3.0.5-1_all.deb…
Unpacking node-spdx-expression-parse (4.0.0+~3.0.5-1)…
Selecting previously unselected package node-spdx-correct.
Preparing to unpack …/233-node-spdx-correct_3.2.0+~3.1.3-1_all.deb…
Unpacking node-spdx-correct (3.2.0+~3.1.3-1)…
Selecting previously unselected package node-validate-npm-package-license.
Preparing to unpack …/234-node-validate-npm-package-license_3.0.4-3_all.deb…
Unpacking node-validate-npm-package-license (3.0.4-3)…
Selecting previously unselected package node-normalize-package-data.
Preparing to unpack …/235-node-normalize-package-data_8.0.0+~2.4.4-3build1_all.deb…
Unpacking node-normalize-package-data (8.0.0+~2.4.4-3build1)…
Selecting previously unselected package node-read-pkg.
Preparing to unpack …/236-node-read-pkg_5.2.0-2_all.deb…
Unpacking node-read-pkg (5.2.0-2)…
Selecting previously unselected package node-uuid.
Preparing to unpack …/237-node-uuid_8.3.2+~8.3.4-3_all.deb…
Unpacking node-uuid (8.3.2+~8.3.4-3)…
Selecting previously unselected package node-isexe.
Preparing to unpack …/238-node-isexe_2.0.0+~2.0.1-5_all.deb…
Unpacking node-isexe (2.0.0+~2.0.1-5)…
Selecting previously unselected package node-which.
Preparing to unpack …/239-node-which_2.0.2+~cs1.3.2-5_all.deb…
Unpacking node-which (2.0.2+~cs1.3.2-5)…
Selecting previously unselected package node-write-file-atomic.
Preparing to unpack …/240-node-write-file-atomic_7.0.1+~4.0.3-1_all.deb…
Unpacking node-write-file-atomic (7.0.1+~4.0.3-1)…
Selecting previously unselected package node-slice-ansi.
Preparing to unpack …/241-node-slice-ansi_5.0.0+~cs9.0.0-5_all.deb…
Unpacking node-slice-ansi (5.0.0+~cs9.0.0-5)…
Selecting previously unselected package node-ansi-regex.
Preparing to unpack …/242-node-ansi-regex_6.2.2+~cs4.0.2-1build3_all.deb…
Unpacking node-ansi-regex (6.2.2+~cs4.0.2-1build3)…
Selecting previously unselected package node-strip-ansi.
Preparing to unpack …/243-node-strip-ansi_7.2.0-1_all.deb…
Unpacking node-strip-ansi (7.2.0-1)…
Selecting previously unselected package node-clone.
Preparing to unpack …/244-node-clone_2.1.2+~2.1.4-1_all.deb…
Unpacking node-clone (2.1.2+~2.1.4-1)…
Selecting previously unselected package node-defaults.
Preparing to unpack …/245-node-defaults_1.0.4+~1.0.3-1_all.deb…
Unpacking node-defaults (1.0.4+~1.0.3-1)…
Selecting previously unselected package node-wcwidth.js.
Preparing to unpack …/246-node-wcwidth.js_1.0.2-2_all.deb…
Unpacking node-wcwidth.js (1.0.2-2)…
Selecting previously unselected package node-string-width.
Preparing to unpack …/247-node-string-width_4.2.3+~cs13.2.3-1_all.deb…
Unpacking node-string-width (4.2.3+~cs13.2.3-1)…
Selecting previously unselected package node-wrap-ansi.
Preparing to unpack …/248-node-wrap-ansi_8.0.1+~8.0.1-3_all.deb…
Unpacking node-wrap-ansi (8.0.1+~8.0.1-3)…
Selecting previously unselected package node-cliui.
Preparing to unpack …/249-node-cliui_7.0.4+repack+1+~cs1.4.2-2_all.deb…
Unpacking node-cliui (7.0.4+repack+1+~cs1.4.2-2)…
Selecting previously unselected package node-get-caller-file.
Preparing to unpack …/250-node-get-caller-file_2.0.5+~cs1.1.1-4_all.deb…
Unpacking node-get-caller-file (2.0.5+~cs1.1.1-4)…
Selecting previously unselected package node-require-directory.
Preparing to unpack …/251-node-require-directory_2.1.1+~2.1.7-1_all.deb…
Unpacking node-require-directory (2.1.1+~2.1.7-1)…
Selecting previously unselected package node-y18n.
Preparing to unpack …/252-node-y18n_5.0.8+~5.0.0-4_all.deb…
Unpacking node-y18n (5.0.8+~5.0.0-4)…
Selecting previously unselected package node-camelcase.
Preparing to unpack …/253-node-camelcase_7.0.0-4_all.deb…
Unpacking node-camelcase (7.0.0-4)…
Selecting previously unselected package node-yargs-parser.
Preparing to unpack …/254-node-yargs-parser_21.1.1+~21.0.0-4_all.deb…
Unpacking node-yargs-parser (21.1.1+~21.0.0-4)…
Selecting previously unselected package node-yargs.
Preparing to unpack …/255-node-yargs_16.2.0+~16.0.4-7_all.deb…
Unpacking node-yargs (16.2.0+~16.0.4-7)…
Selecting previously unselected package node-istanbul.
Preparing to unpack …/256-node-istanbul_0.4.5+repack10+~cs98.25.59-7_all.deb…
Unpacking node-istanbul (0.4.5+repack10+~cs98.25.59-7)…
Selecting previously unselected package node-through.
Preparing to unpack …/257-node-through_2.3.8+~cs0.0.33-1_all.deb…
Unpacking node-through (2.3.8+~cs0.0.33-1)…
Selecting previously unselected package node-resumer.
Preparing to unpack …/258-node-resumer_0.0.0-6_all.deb…
Unpacking node-resumer (0.0.0-6)…
Selecting previously unselected package node-tape.
Preparing to unpack …/259-node-tape_5.6.1+~cs8.20.19-5_all.deb…
Unpacking node-tape (5.6.1+~cs8.20.19-5)…
Selecting previously unselected package node-deep-equal.
Preparing to unpack …/260-node-deep-equal_2.2.3+~cs43.15.94-1_all.deb…
Unpacking node-deep-equal (2.2.3+~cs43.15.94-1)…
Selecting previously unselected package libjs-util.
Preparing to unpack …/261-libjs-util_0.12.5+~1.0.10-2_all.deb…
Unpacking libjs-util (0.12.5+~1.0.10-2)…
Selecting previously unselected package libssl-dev:amd64.
Preparing to unpack …/262-libssl-dev_3.5.5-1ubuntu3_amd64.deb…
Unpacking libssl-dev:amd64 (3.5.5-1ubuntu3)…
Selecting previously unselected package libuv1-dev:amd64.
Preparing to unpack …/263-libuv1-dev_1.51.0-2ubuntu1_amd64.deb…
Unpacking libuv1-dev:amd64 (1.51.0-2ubuntu1)…
Selecting previously unselected package libnode-dev.
Preparing to unpack …/264-libnode-dev_22.22.1+dfsg+~cs22.19.15-1ubuntu1_amd64.deb…
Unpacking libnode-dev (22.22.1+dfsg+~cs22.19.15-1ubuntu1)…
Selecting previously unselected package zlib1g-dev:amd64.
Preparing to unpack …/265-zlib1g-dev_1%3a1.3.dfsg+really1.3.1-1ubuntu3_amd64.deb…
Unpacking zlib1g-dev:amd64 (1:1.3.dfsg+really1.3.1-1ubuntu3)…
Selecting previously unselected package libpython3.14-dev:amd64.
Preparing to unpack …/266-libpython3.14-dev_3.14.4-1_amd64.deb…
Unpacking libpython3.14-dev:amd64 (3.14.4-1)…
Selecting previously unselected package libpython3-dev:amd64.
Preparing to unpack …/267-libpython3-dev_3.14.3-0ubuntu2_amd64.deb…
Unpacking libpython3-dev:amd64 (3.14.3-0ubuntu2)…
Selecting previously unselected package uuid-dev:amd64.
Preparing to unpack …/268-uuid-dev_2.41.3-3ubuntu2_amd64.deb…
Unpacking uuid-dev:amd64 (2.41.3-3ubuntu2)…
Selecting previously unselected package libsm-dev:amd64.
Preparing to unpack …/269-libsm-dev_2%3a1.2.6-1build1_amd64.deb…
Unpacking libsm-dev:amd64 (2:1.2.6-1build1)…
Selecting previously unselected package libxau-dev:amd64.
Preparing to unpack …/270-libxau-dev_1%3a1.0.11-1build2_amd64.deb…
Unpacking libxau-dev:amd64 (1:1.0.11-1build2)…
Selecting previously unselected package libxdmcp-dev:amd64.
Preparing to unpack …/271-libxdmcp-dev_1%3a1.1.5-2_amd64.deb…
Unpacking libxdmcp-dev:amd64 (1:1.1.5-2)…
Selecting previously unselected package xtrans-dev.
Preparing to unpack …/272-xtrans-dev_1.6.0-1build1_all.deb…
Unpacking xtrans-dev (1.6.0-1build1)…
Selecting previously unselected package libxcb1-dev:amd64.
Preparing to unpack …/273-libxcb1-dev_1.17.0-2ubuntu1_amd64.deb…
Unpacking libxcb1-dev:amd64 (1.17.0-2ubuntu1)…
Selecting previously unselected package libx11-dev:amd64.
Preparing to unpack …/274-libx11-dev_2%3a1.8.13-1_amd64.deb…
Unpacking libx11-dev:amd64 (2:1.8.13-1)…
Selecting previously unselected package libxt-dev:amd64.
Preparing to unpack …/275-libxt-dev_1%3a1.2.1-1.3build1_amd64.deb…
Unpacking libxt-dev:amd64 (1:1.2.1-1.3build1)…
Selecting previously unselected package node-agent-base.
Preparing to unpack …/276-node-agent-base_7.1.4~0~2025070717+~cs15.2.7-1build1_all.deb…
Unpacking node-agent-base (7.1.4~0~2025070717+~cs15.2.7-1build1)…
Selecting previously unselected package node-ajv-keywords.
Preparing to unpack …/277-node-ajv-keywords_5.1.0-4_all.deb…
Unpacking node-ajv-keywords (5.1.0-4)…
Selecting previously unselected package node-ansi-escapes.
Preparing to unpack …/278-node-ansi-escapes_5.0.0+really.4.3.1-1_all.deb…
Unpacking node-ansi-escapes (5.0.0+really.4.3.1-1)…
Selecting previously unselected package node-aproba.
Preparing to unpack …/279-node-aproba_2.1.0-1_all.deb…
Unpacking node-aproba (2.1.0-1)…
Selecting previously unselected package node-delegates.
Preparing to unpack …/280-node-delegates_1.0.0-3_all.deb…
Unpacking node-delegates (1.0.0-3)…
Selecting previously unselected package node-are-we-there-yet.
Preparing to unpack …/281-node-are-we-there-yet_4.0.2+~1.1.2-1_all.deb…
Unpacking node-are-we-there-yet (4.0.2+~1.1.2-1)…
Selecting previously unselected package node-async-each.
Preparing to unpack …/282-node-async-each_1.0.3-3_all.deb…
Unpacking node-async-each (1.0.3-3)…
Selecting previously unselected package node-auto-bind.
Preparing to unpack …/283-node-auto-bind_4.0.0-2_all.deb…
Unpacking node-auto-bind (4.0.0-2)…
Selecting previously unselected package node-babel-plugin-lodash.
Preparing to unpack …/284-node-babel-plugin-lodash_3.3.4+~cs2.0.1-8build1_all.deb…
Unpacking node-babel-plugin-lodash (3.3.4+~cs2.0.1-8build1)…
Selecting previously unselected package node-object-visit.
Preparing to unpack …/285-node-object-visit_1.0.1-5_all.deb…
Unpacking node-object-visit (1.0.1-5)…
Selecting previously unselected package node-map-visit.
Preparing to unpack …/286-node-map-visit_1.0.0-4_all.deb…
Unpacking node-map-visit (1.0.0-4)…
Selecting previously unselected package node-collection-visit.
Preparing to unpack …/287-node-collection-visit_1.0.0-4_all.deb…
Unpacking node-collection-visit (1.0.0-4)…
Selecting previously unselected package node-get-value.
Preparing to unpack …/288-node-get-value_1%3a3.0.1-4_all.deb…
Unpacking node-get-value (1:3.0.1-4)…
Selecting previously unselected package node-component-emitter.
Preparing to unpack …/289-node-component-emitter_1.3.0+~1.2.11-2_all.deb…
Unpacking node-component-emitter (1.3.0+~1.2.11-2)…
Selecting previously unselected package node-is-primitive.
Preparing to unpack …/290-node-is-primitive_3.0.1-3_all.deb…
Unpacking node-is-primitive (3.0.1-3)…
Selecting previously unselected package node-set-value.
Preparing to unpack …/291-node-set-value_4.1.0+~4.0.3-1_all.deb…
Unpacking node-set-value (4.1.0+~4.0.3-1)…
Selecting previously unselected package node-union-value.
Preparing to unpack …/292-node-union-value_2.0.1-4_all.deb…
Unpacking node-union-value (2.0.1-4)…
Selecting previously unselected package node-has-values.
Preparing to unpack …/293-node-has-values_2.0.1-4_all.deb…
Unpacking node-has-values (2.0.1-4)…
Selecting previously unselected package node-has-value.
Preparing to unpack …/294-node-has-value_2.0.2-4_all.deb…
Unpacking node-has-value (2.0.2-4)…
Selecting previously unselected package node-unset-value.
Preparing to unpack …/295-node-unset-value_2.0.1-1_all.deb…
Unpacking node-unset-value (2.0.1-1)…
Selecting previously unselected package node-cache-base.
Preparing to unpack …/296-node-cache-base_4.0.2-2_all.deb…
Unpacking node-cache-base (4.0.2-2)…
Selecting previously unselected package node-mixin-deep.
Preparing to unpack …/297-node-mixin-deep_2.0.1-3_all.deb…
Unpacking node-mixin-deep (2.0.1-3)…
Selecting previously unselected package node-pascalcase.
Preparing to unpack …/298-node-pascalcase_1.0.0-1_all.deb…
Unpacking node-pascalcase (1.0.0-1)…
Selecting previously unselected package node-base.
Preparing to unpack …/299-node-base_3.0.0-3_all.deb…
Unpacking node-base (3.0.0-3)…
Selecting previously unselected package node-base64-js.
Preparing to unpack …/300-node-base64-js_1.5.1+dfsg+~1.3.0-3_all.deb…
Unpacking node-base64-js (1.5.1+dfsg+~1.3.0-3)…
Selecting previously unselected package node-binary-extensions.
Preparing to unpack …/301-node-binary-extensions_2.2.0-2_all.deb…
Unpacking node-binary-extensions (2.2.0-2)…
Selecting previously unselected package node-builtins.
Preparing to unpack …/302-node-builtins_5.0.1-1_all.deb…
Unpacking node-builtins (5.0.1-1)…
Selecting previously unselected package node-chownr.
Preparing to unpack …/303-node-chownr_3.0.0-2_all.deb…
Unpacking node-chownr (3.0.0-2)…
Selecting previously unselected package node-iferr.
Preparing to unpack …/304-node-iferr_1.0.2+~1.0.4-1_all.deb…
Unpacking node-iferr (1.0.2+~1.0.4-1)…
Selecting previously unselected package node-fs-write-stream-atomic.
Preparing to unpack …/305-node-fs-write-stream-atomic_1.0.10-6_all.deb…
Unpacking node-fs-write-stream-atomic (1.0.10-6)…
Selecting previously unselected package node-run-queue.
Preparing to unpack …/306-node-run-queue_2.0.0-3_all.deb…
Unpacking node-run-queue (2.0.0-3)…
Selecting previously unselected package node-copy-concurrently.
Preparing to unpack …/307-node-copy-concurrently_1.0.5-11_all.deb…
Unpacking node-copy-concurrently (1.0.5-11)…
Selecting previously unselected package node-move-concurrently.
Preparing to unpack …/308-node-move-concurrently_1.0.1-7_all.deb…
Unpacking node-move-concurrently (1.0.1-7)…
Selecting previously unselected package node-promise-inflight.
Preparing to unpack …/309-node-promise-inflight_1.0.1+~1.0.3-1_all.deb…
Unpacking node-promise-inflight (1.0.1+~1.0.3-1)…
Selecting previously unselected package node-ssri.
Preparing to unpack …/310-node-ssri_9.0.1-3_all.deb…
Unpacking node-ssri (9.0.1-3)…
Selecting previously unselected package node-unique-filename.
Preparing to unpack …/311-node-unique-filename_1.1.1+ds-2_all.deb…
Unpacking node-unique-filename (1.1.1+ds-2)…
Selecting previously unselected package node-cacache.
Preparing to unpack …/312-node-cacache_17.0.3+ds1+~cs8.2.7-3_all.deb…
Unpacking node-cacache (17.0.3+ds1+~cs8.2.7-3)…
Selecting previously unselected package node-is-binary-path.
Preparing to unpack …/313-node-is-binary-path_2.1.0-5_all.deb…
Unpacking node-is-binary-path (2.1.0-5)…
Selecting previously unselected package node-path-is-absolute.
Preparing to unpack …/314-node-path-is-absolute_2.0.0-2_all.deb…
Unpacking node-path-is-absolute (2.0.0-2)…
Selecting previously unselected package node-set-immediate-shim.
Preparing to unpack …/315-node-set-immediate-shim_2.0.0-2_all.deb…
Unpacking node-set-immediate-shim (2.0.0-2)…
Selecting previously unselected package node-readdirp.
Preparing to unpack …/316-node-readdirp_3.6.0-3_all.deb…
Unpacking node-readdirp (3.6.0-3)…
Selecting previously unselected package node-chokidar.
Preparing to unpack …/317-node-chokidar_3.6.0-5_all.deb…
Unpacking node-chokidar (3.6.0-5)…
Selecting previously unselected package node-tslib.
Preparing to unpack …/318-node-tslib_2.4.1-1_all.deb…
Unpacking node-tslib (2.4.1-1)…
Selecting previously unselected package node-chrome-trace-event.
Preparing to unpack …/319-node-chrome-trace-event_1.0.3-2_all.deb…
Unpacking node-chrome-trace-event (1.0.3-2)…
Selecting previously unselected package node-ci-info.
Preparing to unpack …/320-node-ci-info_4.4.0+~cs8.2.0-3build3_all.deb…
Unpacking node-ci-info (4.4.0+~cs8.2.0-3build3)…
Selecting previously unselected package node-cli-boxes.
Preparing to unpack …/321-node-cli-boxes_3.0.0-1build2_all.deb…
Unpacking node-cli-boxes (3.0.0-1build2)…
Selecting previously unselected package node-restore-cursor.
Preparing to unpack …/322-node-restore-cursor_4.0.0-4_all.deb…
Unpacking node-restore-cursor (4.0.0-4)…
Selecting previously unselected package node-cli-cursor.
Preparing to unpack …/323-node-cli-cursor_4.0.0-4_all.deb…
Unpacking node-cli-cursor (4.0.0-4)…
Selecting previously unselected package node-cli-truncate.
Preparing to unpack …/324-node-cli-truncate_2.1.0-5_all.deb…
Unpacking node-cli-truncate (2.1.0-5)…
Selecting previously unselected package node-colors.
Preparing to unpack …/325-node-colors_1.4.0-4build1_all.deb…
Unpacking node-colors (1.4.0-4build1)…
Selecting previously unselected package node-columnify.
Preparing to unpack …/326-node-columnify_1.6.0+~1.5.4-1_all.deb…
Unpacking node-columnify (1.6.0+~1.5.4-1)…
Selecting previously unselected package node-console-control-strings.
Preparing to unpack …/327-node-console-control-strings_1.1.0-3_all.deb…
Unpacking node-console-control-strings (1.1.0-3)…
Selecting previously unselected package node-growl.
Preparing to unpack …/328-node-growl_1.10.5-4_all.deb…
Unpacking node-growl (1.10.5-4)…
Selecting previously unselected package node-lcov-parse.
Preparing to unpack …/329-node-lcov-parse_1.0.0+20170612git80d039574ed9-7_all.deb…
Unpacking node-lcov-parse (1.0.0+20170612git80d039574ed9-7)…
Selecting previously unselected package node-log-driver.
Preparing to unpack …/330-node-log-driver_1.2.7+git+20180219+bba1761737-8_all.deb…
Unpacking node-log-driver (1.2.7+git+20180219+bba1761737-8)…
Selecting previously unselected package node-data-uri-to-buffer.
Preparing to unpack …/331-node-data-uri-to-buffer_6.0.2~0~2025070717+~cs15.2.7-1build1_all.deb…
Unpacking node-data-uri-to-buffer (6.0.2~0~2025070717+~cs15.2.7-1build1)…
Selecting previously unselected package node-fetch.
Preparing to unpack …/332-node-fetch_3.3.2+~cs11.4.11-3_all.deb…
Unpacking node-fetch (3.3.2+~cs11.4.11-3)…
Selecting previously unselected package node-coveralls.
Preparing to unpack …/333-node-coveralls_3.1.1-4_all.deb…
Unpacking node-coveralls (3.1.1-4)…
Selecting previously unselected package node-css-selector-tokenizer.
Preparing to unpack …/334-node-css-selector-tokenizer_0.8.0+~cs4.8.3-1_all.deb…
Unpacking node-css-selector-tokenizer (0.8.0+~cs4.8.3-1)…
Selecting previously unselected package node-icss-utils.
Preparing to unpack …/335-node-icss-utils_5.1.0+~5.1.2-1_all.deb…
Unpacking node-icss-utils (5.1.0+~5.1.2-1)…
Selecting previously unselected package node-postcss-modules-extract-imports.
Preparing to unpack …/336-node-postcss-modules-extract-imports_3.1.0-1_all.deb…
Unpacking node-postcss-modules-extract-imports (3.1.0-1)…
Selecting previously unselected package node-postcss-modules-values.
Preparing to unpack …/337-node-postcss-modules-values_4.0.0+~4.0.2-1_all.deb…
Unpacking node-postcss-modules-values (4.0.0+~4.0.2-1)…
Selecting previously unselected package node-postcss-value-parser.
Preparing to unpack …/338-node-postcss-value-parser_4.2.0-1_all.deb…
Unpacking node-postcss-value-parser (4.2.0-1)…
Selecting previously unselected package node-prr.
Preparing to unpack …/339-node-prr_1.0.1-3_all.deb…
Unpacking node-prr (1.0.1-3)…
Selecting previously unselected package node-errno.
Preparing to unpack …/340-node-errno_1.0.0-3_all.deb…
Unpacking node-errno (1.0.0-3)…
Selecting previously unselected package node-memory-fs.
Preparing to unpack …/341-node-memory-fs_0.5.0+~0.3.3-2_all.deb…
Unpacking node-memory-fs (0.5.0+~0.3.3-2)…
Selecting previously unselected package node-tapable.
Preparing to unpack …/342-node-tapable_2.2.1-3_all.deb…
Unpacking node-tapable (2.2.1-3)…
Selecting previously unselected package node-enhanced-resolve.
Preparing to unpack …/343-node-enhanced-resolve_5.15.0-1_all.deb…
Unpacking node-enhanced-resolve (5.15.0-1)…
Selecting previously unselected package node-es-module-lexer.
Preparing to unpack …/344-node-es-module-lexer_1.1.0+dfsg-3_all.deb…
Unpacking node-es-module-lexer (1.1.0+dfsg-3)…
Selecting previously unselected package node-events.
Preparing to unpack …/345-node-events_3.3.0+~3.0.3-1_all.deb…
Unpacking node-events (3.3.0+~3.0.3-1)…
Selecting previously unselected package node-resolve-cwd.
Preparing to unpack …/346-node-resolve-cwd_3.0.0-2_all.deb…
Unpacking node-resolve-cwd (3.0.0-2)…
Selecting previously unselected package node-jest-debbundle.
Preparing to unpack …/347-node-jest-debbundle_29.6.2~ds3+~cs73.45.28-3build3_all.deb…
Unpacking node-jest-debbundle (29.6.2~ds3+~cs73.45.28-3build3)…
Selecting previously unselected package node-interpret.
Preparing to unpack …/348-node-interpret_2.2.0-3_all.deb…
Unpacking node-interpret (2.2.0-3)…
Selecting previously unselected package node-merge-stream.
Preparing to unpack …/349-node-merge-stream_2.0.0+~1.1.2-2_all.deb…
Unpacking node-merge-stream (2.0.0+~1.1.2-2)…
Selecting previously unselected package node-jest-worker.
Preparing to unpack …/350-node-jest-worker_29.6.2~ds3+~cs73.45.28-3build3_all.deb…
Unpacking node-jest-worker (29.6.2~ds3+~cs73.45.28-3build3)…
Selecting previously unselected package node-loader-runner.
Preparing to unpack …/351-node-loader-runner_4.3.1-1_all.deb…
Unpacking node-loader-runner (4.3.1-1)…
Selecting previously unselected package node-mime.
Preparing to unpack …/352-node-mime_4.1.0+dfsg+~cs8.97.10-6build5_all.deb…
Unpacking node-mime (4.1.0+dfsg+~cs8.97.10-6build5)…
Selecting previously unselected package node-mime-types.
Preparing to unpack …/353-node-mime-types_3.0.2+~3.0.1-1_all.deb…
Unpacking node-mime-types (3.0.2+~3.0.1-1)…
Selecting previously unselected package node-rechoir.
Preparing to unpack …/354-node-rechoir_0.8.0+~0.6.4-1_all.deb…
Unpacking node-rechoir (0.8.0+~0.6.4-1)…
Selecting previously unselected package node-schema-utils.
Preparing to unpack …/355-node-schema-utils_4.2.0~ds-4_all.deb…
Unpacking node-schema-utils (4.2.0~ds-4)…
Selecting previously unselected package node-randombytes.
Preparing to unpack …/356-node-randombytes_2.1.0+~2.0.3-1_all.deb…
Unpacking node-randombytes (2.1.0+~2.0.3-1)…
Selecting previously unselected package node-serialize-javascript.
Preparing to unpack …/357-node-serialize-javascript_7.0.4+~5.0.4-1_all.deb…
Unpacking node-serialize-javascript (7.0.4+~5.0.4-1)…
Selecting previously unselected package node-watchpack.
Preparing to unpack …/358-node-watchpack_2.4.0+~cs2.8.1-1_all.deb…
Unpacking node-watchpack (2.4.0+~cs2.8.1-1)…
Selecting previously unselected package node-long.
Preparing to unpack …/359-node-long_5.2.3-3_all.deb…
Unpacking node-long (5.2.3-3)…
Selecting previously unselected package node-ieee754.
Preparing to unpack …/360-node-ieee754_1.2.1-3_all.deb…
Unpacking node-ieee754 (1.2.1-3)…
Selecting previously unselected package node-webassemblyjs.
Preparing to unpack …/361-node-webassemblyjs_1.14.1+dfsg3+~cs1.2.7-2_all.deb…
Unpacking node-webassemblyjs (1.14.1+dfsg3+~cs1.2.7-2)…
Selecting previously unselected package node-source-list-map.
Preparing to unpack …/362-node-source-list-map_2.0.1+dfsg+~0.1.2-1_all.deb…
Unpacking node-source-list-map (2.0.1+dfsg+~0.1.2-1)…
Selecting previously unselected package node-webpack-sources.
Preparing to unpack …/363-node-webpack-sources_3.2.3+~3.2.0-2_all.deb…
Unpacking node-webpack-sources (3.2.3+~3.2.0-2)…
Selecting previously unselected package node-terser.
Preparing to unpack …/364-node-terser_5.46.1-4_all.deb…
Unpacking node-terser (5.46.1-4)…
Selecting previously unselected package terser.
Preparing to unpack …/365-terser_5.46.1-4_all.deb…
Unpacking terser (5.46.1-4)…
Selecting previously unselected package node-get-stream.
Preparing to unpack …/366-node-get-stream_8.0.1-11_all.deb…
Unpacking node-get-stream (8.0.1-11)…
Selecting previously unselected package node-mimic-fn.
Preparing to unpack …/367-node-mimic-fn_4.0.0-6_all.deb…
Unpacking node-mimic-fn (4.0.0-6)…
Selecting previously unselected package node-strip-eof.
Preparing to unpack …/368-node-strip-eof_3.0.0-6_all.deb…
Unpacking node-strip-eof (3.0.0-6)…
Selecting previously unselected package node-execa.
Preparing to unpack …/369-node-execa_8.0.1+dfsg1+~cs12.0.0-1build2_all.deb…
Unpacking node-execa (8.0.1+dfsg1+~cs12.0.0-1build2)…
Selecting previously unselected package node-envinfo.
Preparing to unpack …/370-node-envinfo_7.11.0+~cs14.3.0-7build1_all.deb…
Unpacking node-envinfo (7.11.0+~cs14.3.0-7build1)…
Selecting previously unselected package webpack.
Preparing to unpack …/371-webpack_5.105.4+dfsg1+~cs15.13.23-2_all.deb…
Unpacking webpack (5.105.4+dfsg1+~cs15.13.23-2)…
Selecting previously unselected package node-css-loader.
Preparing to unpack …/372-node-css-loader_6.8.1+~cs14.0.17-2_all.deb…
Unpacking node-css-loader (6.8.1+~cs14.0.17-2)…
Selecting previously unselected package node-mimic-response.
Preparing to unpack …/373-node-mimic-response_3.1.0-9_all.deb…
Unpacking node-mimic-response (3.1.0-9)…
Selecting previously unselected package node-decompress-response.
Preparing to unpack …/374-node-decompress-response_6.0.0-3_all.deb…
Unpacking node-decompress-response (6.0.0-3)…
Selecting previously unselected package node-diff.
Preparing to unpack …/375-node-diff_5.0.0~dfsg+~5.0.1-6_all.deb…
Unpacking node-diff (5.0.0~dfsg+~5.0.1-6)…
Selecting previously unselected package node-err-code.
Preparing to unpack …/376-node-err-code_2.0.3+dfsg-3_all.deb…
Unpacking node-err-code (2.0.3+dfsg-3)…
Selecting previously unselected package node-time-stamp.
Preparing to unpack …/377-node-time-stamp_2.2.0-2_all.deb…
Unpacking node-time-stamp (2.2.0-2)…
Selecting previously unselected package node-fancy-log.
Preparing to unpack …/378-node-fancy-log_1.3.3+~cs1.3.1-2_all.deb…
Unpacking node-fancy-log (1.3.3+~cs1.3.1-2)…
Selecting previously unselected package node-has-unicode.
Preparing to unpack …/379-node-has-unicode_2.0.1-5_all.deb…
Unpacking node-has-unicode (2.0.1-5)…
Selecting previously unselected package node-wide-align.
Preparing to unpack …/380-node-wide-align_1.1.3-4_all.deb…
Unpacking node-wide-align (1.1.3-4)…
Selecting previously unselected package node-gauge.
Preparing to unpack …/381-node-gauge_4.0.4-2_all.deb…
Unpacking node-gauge (4.0.4-2)…
Selecting previously unselected package node-lowercase-keys.
Preparing to unpack …/382-node-lowercase-keys_2.0.0-2_all.deb…
Unpacking node-lowercase-keys (2.0.0-2)…
Selecting previously unselected package node-json-buffer.
Preparing to unpack …/383-node-json-buffer_3.0.1+~3.0.2-1_all.deb…
Unpacking node-json-buffer (3.0.1+~3.0.2-1)…
Selecting previously unselected package node-p-cancelable.
Preparing to unpack …/384-node-p-cancelable_2.1.1-1_all.deb…
Unpacking node-p-cancelable (2.1.1-1)…
Selecting previously unselected package node-got.
Preparing to unpack …/385-node-got_11.8.5+~cs58.13.36-6_all.deb…
Unpacking node-got (11.8.5+~cs58.13.36-6)…
Selecting previously unselected package node-http-proxy-agent.
Preparing to unpack …/386-node-http-proxy-agent_7.0.2~0~2025070717+~cs15.2.7-1build1_all.deb…
Unpacking node-http-proxy-agent (7.0.2~0~2025070717+~cs15.2.7-1build1)…
Selecting previously unselected package node-https-proxy-agent.
Preparing to unpack …/387-node-https-proxy-agent_7.0.6~0~2025070717+~cs15.2.7-1build1_all.deb…
Unpacking node-https-proxy-agent (7.0.6~0~2025070717+~cs15.2.7-1build1)…
Selecting previously unselected package node-ip.
Preparing to unpack …/388-node-ip_2.0.1+~1.1.3-3_all.deb…
Unpacking node-ip (2.0.1+~1.1.3-3)…
Selecting previously unselected package node-ip-regex.
Preparing to unpack …/389-node-ip-regex_4.3.0+~4.1.1-1_all.deb…
Unpacking node-ip-regex (4.3.0+~4.1.1-1)…
Selecting previously unselected package node-read-package-json.
Preparing to unpack …/390-node-read-package-json_5.0.2+~2.0.0-5build1_all.deb…
Unpacking node-read-package-json (5.0.2+~2.0.0-5build1)…
Selecting previously unselected package node-npm-bundled.
Preparing to unpack …/391-node-npm-bundled_2.0.1-2_all.deb…
Unpacking node-npm-bundled (2.0.1-2)…
Selecting previously unselected package node-osenv.
Preparing to unpack …/392-node-osenv_0.1.5+~0.1.3-1_all.deb…
Unpacking node-osenv (0.1.5+~0.1.3-1)…
Selecting previously unselected package node-validate-npm-package-name.
Preparing to unpack …/393-node-validate-npm-package-name_5.0.0+~4.0.0-1_all.deb…
Unpacking node-validate-npm-package-name (5.0.0+~4.0.0-1)…
Selecting previously unselected package node-npm-package-arg.
Preparing to unpack …/394-node-npm-package-arg_10.0.0+~3.0.0-2_all.deb…
Unpacking node-npm-package-arg (10.0.0+~3.0.0-2)…
Selecting previously unselected package node-opener.
Preparing to unpack …/395-node-opener_1.5.2+~1.4.3-1_all.deb…
Unpacking node-opener (1.5.2+~1.4.3-1)…
Selecting previously unselected package node-retry.
Preparing to unpack …/396-node-retry_0.13.1.+~cs2.19.16-1_all.deb…
Unpacking node-retry (0.13.1.+~cs2.19.16-1)…
Selecting previously unselected package node-promise-retry.
Preparing to unpack …/397-node-promise-retry_2.0.1-4_all.deb…
Unpacking node-promise-retry (2.0.1-4)…
Selecting previously unselected package node-mute-stream.
Preparing to unpack …/398-node-mute-stream_0.0.8+~0.0.1-3_all.deb…
Unpacking node-mute-stream (0.0.8+~0.0.1-3)…
Selecting previously unselected package node-read.
Preparing to unpack …/399-node-read_1.0.7-5_all.deb…
Unpacking node-read (1.0.7-5)…
Selecting previously unselected package node-promzard.
Preparing to unpack …/400-node-promzard_0.3.0-2_all.deb…
Unpacking node-promzard (0.3.0-2)…
Selecting previously unselected package node-punycode.
Preparing to unpack …/401-node-punycode_2.3.1+~2.1.4-1_all.deb…
Unpacking node-punycode (2.3.1+~2.1.4-1)…
Selecting previously unselected package node-re2:amd64.
Preparing to unpack …/402-node-re2_1.23.3+~cs1.3.5-1_amd64.deb…
Unpacking node-re2:amd64 (1.23.3+~cs1.3.5-1)…
Selecting previously unselected package node-require-from-string.
Preparing to unpack …/403-node-require-from-string_2.0.2+~1.2.3-1_all.deb…
Unpacking node-require-from-string (2.0.2+~1.2.3-1)…
Selecting previously unselected package node-set-blocking.
Preparing to unpack …/404-node-set-blocking_2.0.0-2_all.deb…
Unpacking node-set-blocking (2.0.0-2)…
Selecting previously unselected package node-shell-quote.
Preparing to unpack …/405-node-shell-quote_1.8.3+~1.7.5-1_all.deb…
Unpacking node-shell-quote (1.8.3+~1.7.5-1)…
Selecting previously unselected package node-stack-utils.
Preparing to unpack …/406-node-stack-utils_2.0.6+~2.0.3-1_all.deb…
Unpacking node-stack-utils (2.0.6+~2.0.3-1)…
Selecting previously unselected package node-yaml.
Preparing to unpack …/407-node-yaml_2.8.3+~cs0.4.0-1_all.deb…
Unpacking node-yaml (2.8.3+~cs0.4.0-1)…
Selecting previously unselected package node-tap-parser.
Preparing to unpack …/408-node-tap-parser_13.0.1+~cs4.1.3-4_all.deb…
Unpacking node-tap-parser (13.0.1+~cs4.1.3-4)…
Selecting previously unselected package node-tap-mocha-reporter.
Preparing to unpack …/409-node-tap-mocha-reporter_5.0.4+~2.1.0-1_all.deb…
Unpacking node-tap-mocha-reporter (5.0.4+~2.1.0-1)…
Selecting previously unselected package node-text-table.
Preparing to unpack …/410-node-text-table_0.2.0-5_all.deb…
Unpacking node-text-table (0.2.0-5)…
Selecting previously unselected package node-widest-line.
Preparing to unpack …/411-node-widest-line_3.1.0-2_all.deb…
Unpacking node-widest-line (3.1.0-2)…
Selecting previously unselected package nodejs-doc.
Preparing to unpack …/412-nodejs-doc_22.22.1+dfsg+~cs22.19.15-1ubuntu1_all.deb…
Unpacking nodejs-doc (22.22.1+dfsg+~cs22.19.15-1ubuntu1)…
Selecting previously unselected package openjdk-17-jre-headless:amd64.
Preparing to unpack …/413-openjdk-17-jre-headless_17.0.18+8-1_amd64.deb…
Unpacking openjdk-17-jre-headless:amd64 (17.0.18+8-1)…
Selecting previously unselected package openjdk-17-jre:amd64.
Preparing to unpack …/414-openjdk-17-jre_17.0.18+8-1_amd64.deb…
Unpacking openjdk-17-jre:amd64 (17.0.18+8-1)…
Selecting previously unselected package openjdk-17-jdk-headless:amd64.
Preparing to unpack …/415-openjdk-17-jdk-headless_17.0.18+8-1_amd64.deb…
Unpacking openjdk-17-jdk-headless:amd64 (17.0.18+8-1)…
Selecting previously unselected package openjdk-17-jdk:amd64.
Preparing to unpack …/416-openjdk-17-jdk_17.0.18+8-1_amd64.deb…
Unpacking openjdk-17-jdk:amd64 (17.0.18+8-1)…
Selecting previously unselected package python3.14-dev.
Preparing to unpack …/417-python3.14-dev_3.14.4-1_amd64.deb…
Unpacking python3.14-dev (3.14.4-1)…
Selecting previously unselected package python3-dev.
Preparing to unpack …/418-python3-dev_3.14.3-0ubuntu2_amd64.deb…
Unpacking python3-dev (3.14.3-0ubuntu2)…
Selecting previously unselected package python3-wheel.
Preparing to unpack …/419-python3-wheel_0.46.3-2_all.deb…
Unpacking python3-wheel (0.46.3-2)…
Selecting previously unselected package python3-pip.
Preparing to unpack …/420-python3-pip_25.1.1+dfsg-1ubuntu2_all.deb…
Unpacking python3-pip (25.1.1+dfsg-1ubuntu2)…
Selecting previously unselected package python3-pip-whl.
Preparing to unpack …/421-python3-pip-whl_25.1.1+dfsg-1ubuntu2_all.deb…
Unpacking python3-pip-whl (25.1.1+dfsg-1ubuntu2)…
Selecting previously unselected package python3-setuptools-whl.
Preparing to unpack …/422-python3-setuptools-whl_78.1.1-0.1build1_all.deb…
Unpacking python3-setuptools-whl (78.1.1-0.1build1)…
Selecting previously unselected package python3.14-venv.
Preparing to unpack …/423-python3.14-venv_3.14.4-1_amd64.deb…
Unpacking python3.14-venv (3.14.4-1)…
Selecting previously unselected package python3-venv.
Preparing to unpack …/424-python3-venv_3.14.3-0ubuntu2_amd64.deb…
Unpacking python3-venv (3.14.3-0ubuntu2)…
Selecting previously unselected package ubuntu-fan.
Preparing to unpack …/425-ubuntu-fan_0.12.17_all.deb…
Unpacking ubuntu-fan (0.12.17)…
Selecting previously unselected package wabt.
Preparing to unpack …/426-wabt_1.0.36+dfsg+~cs1.0.36-2ubuntu1_amd64.deb…
Unpacking wabt (1.0.36+dfsg+~cs1.0.36-2ubuntu1)…
Selecting previously unselected package node-cli-table.
Preparing to unpack …/427-node-cli-table_0.3.11+~cs0.13.4-3_all.deb…
Unpacking node-cli-table (0.3.11+~cs0.13.4-3)…
Selecting previously unselected package node-depd.
Preparing to unpack …/428-node-depd_2.0.0-2_all.deb…
Unpacking node-depd (2.0.0-2)…
Selecting previously unselected package node-npmlog.
Preparing to unpack …/429-node-npmlog_7.0.1+~4.1.4-1_all.deb…
Unpacking node-npmlog (7.0.1+~4.1.4-1)…
Selecting previously unselected package node-tar.
Preparing to unpack …/430-node-tar_6.2.1+ds1+~cs6.1.13-10_all.deb…
Unpacking node-tar (6.2.1+ds1+~cs6.1.13-10)…
Selecting previously unselected package node-gyp.
Preparing to unpack …/431-node-gyp_12.1.0+~6.1.0-3_all.deb…
Unpacking node-gyp (12.1.0+~6.1.0-3)…
Selecting previously unselected package node-ini.
Preparing to unpack …/432-node-ini_3.0.1-2_all.deb…
Unpacking node-ini (3.0.1-2)…
Selecting previously unselected package node-negotiator.
Preparing to unpack …/433-node-negotiator_0.6.3+~0.6.1-1_all.deb…
Unpacking node-negotiator (0.6.3+~0.6.1-1)…
Selecting previously unselected package node-ws.
Preparing to unpack …/434-node-ws_8.19.0+~cs14.19.1-1_all.deb…
Unpacking node-ws (8.19.0+~cs14.19.1-1)…
Selecting previously unselected package node-tap.
Preparing to unpack …/435-node-tap_16.3.7+ds3+~cs49.5.20-6_all.deb…
Unpacking node-tap (16.3.7+ds3+~cs49.5.20-6)…
Selecting previously unselected package npm.
Preparing to unpack …/436-npm_9.2.0~ds3-1_all.deb…
Unpacking npm (9.2.0~ds3-1)…
Setting up javascript-common (12+nmu1build1)…
Setting up libuv1-dev:amd64 (1.51.0-2ubuntu1)…
Setting up node-colors (1.4.0-4build1)…
Setting up node-ampproject-remapping (2.2.0+~cs5.15.37-1)…
Setting up node-diff (5.0.0~dfsg+~5.0.1-6)…
Setting up node-lru-cache (10.0.1-3)…
Setting up python3-setuptools-whl (78.1.1-0.1build1)…
Setting up node-abbrev (1.1.1+~1.1.2-1)…
Setting up node-path-is-inside (1.0.2+~1.0.3-1)…
Setting up libjs-sprintf-js (1.1.3+ds1+~1.1.4-2)…
Setting up docker-compose-v2 (2.40.3+ds1-0ubuntu1)…
Setting up node-pify (5.0.0+~cs5.0.1-1)…
Setting up node-p-limit (4.0.0+~cs4.0.0-5)…
Setting up node-yallist (4.0.0+~4.0.1-2)…
Setting up libjs-inherits (2.0.4-6)…
Setting up node-p-cancelable (2.1.1-1)…
Setting up node-is-windows (1.0.2+~cs1.0.0-1)…
Setting up node-ansi-regex (6.2.2+~cs4.0.2-1build3)…
Setting up node-yaml (2.8.3+~cs0.4.0-1)…
Setting up node-loader-runner (4.3.1-1)…
Setting up java-common (0.77)…
Setting up node-object-inspect (1.12.2+~cs1.8.1-1)…
Setting up node-slash (5.1.0-2build1)…
Setting up node-util-deprecate (1.0.2-4)…
Setting up node-ieee754 (1.2.1-3)…
Setting up node-fs-readdir-recursive (1.1.0+~1.1.3-1)…
Setting up node-v8flags (3.2.0+~3.1.1-1)…
Setting up node-retry (0.13.1.+~cs2.19.16-1)…
Setting up node-get-caller-file (2.0.5+~cs1.1.1-4)…
Setting up python3-pip-whl (25.1.1+dfsg-1ubuntu2)…
Setting up node-arrify (2.0.1-3)…
Setting up node-eslint-visitor-keys (3.3.0+~1.0.0-2)…
Setting up node-caniuse-lite (1.0.30001780+dfsg+~1.0.5-1)…
Setting up node-isobject (4.0.0-2)…
Setting up node-get-value (1:3.0.1-4)…
Setting up node-delegates (1.0.0-3)…
Setting up node-depd (2.0.0-2)…
Setting up node-isexe (2.0.0+~2.0.1-5)…
Setting up node-resolve (1.22.10+~cs5.37.15-1)…
Setting up node-jsonparse (1.3.1-10)…
Setting up node-core-js-pure (3.33.2-1build2)…
Setting up node-es-module-lexer (1.1.0+dfsg-3)…
Setting up node-path-exists (5.0.0-9)…
Setting up node-unicode-match-property-value-ecmascript (2.2.0+ds-1build1)…
Setting up node-escape-string-regexp (4.0.0-2)…
Setting up node-through (2.3.8+~cs0.0.33-1)…
Setting up libjs-source-map (0.7.0++dfsg2+really.0.6.1-15)…
Setting up node-component-emitter (1.3.0+~1.2.11-2)…
Setting up node-p-locate (6.0.0-14)…
Setting up node-negotiator (0.6.3+~0.6.1-1)…
Setting up node-tslib (2.4.1-1)…
Setting up node-strip-bom (4.0.0-2)…
Setting up node-stack-utils (2.0.6+~2.0.3-1)…
Setting up node-color-name (1.1.4+~1.1.1-2)…
Setting up node-growl (1.10.5-4)…
Setting up node-chrome-trace-event (1.0.3-2)…
Setting up node-json-buffer (3.0.1+~3.0.2-1)…
Setting up node-electron-to-chromium (1.5.322-1)…
Setting up node-cjs-module-lexer (1.2.3+dfsg-1)…
Setting up node-console-control-strings (1.1.0-3)…
Setting up node-source-list-map (2.0.1+dfsg+~0.1.2-1)…
Setting up node-camelcase (7.0.0-4)…
Setting up node-resumer (0.0.0-6)…
Setting up node-uuid (8.3.2+~8.3.4-3)…
Setting up node-pascalcase (1.0.0-1)…
Setting up node-auto-bind (4.0.0-2)…
Setting up node-terser (5.46.1-4)…
Setting up node-path-type (4.0.0-3)…
Setting up node-indent-string (4.0.0-2)…
Setting up node-typedarray (0.0.7-1)…
Setting up runc (1.4.0-0ubuntu1)…
Setting up node-function-bind (1.1.2+~cs2.1.14-2)…
Setting up python3.14-venv (3.14.4-1)…
Setting up node-clone (2.1.2+~2.1.4-1)…
Setting up node-p-map (4.0.0+~3.1.0+~3.0.1-2)…
Setting up node-iferr (1.0.2+~1.0.4-1)…
Setting up node-chownr (3.0.0-2)…
Setting up node-has-flag (5.0.1-1)…
Setting up node-estraverse (5.3.0+ds+~5.1.1-1)…
Setting up node-regjsgen (0.8.0+ds-1)…
Setting up node-lodash-packages (4.17.23+dfsg-1)…
Setting up node-json-schema-traverse (1.0.0-3)…
Setting up node-inherits (2.0.4-6)…
Setting up node-path-is-absolute (2.0.0-2)…
Setting up node-locate-path (7.1.1-2)…
Setting up xtrans-dev (1.6.0-1build1)…
Setting up node-ini (3.0.1-2)…
Setting up node-postcss-value-parser (4.2.0-1)…
Setting up libsimdjson29:amd64 (4.2.4-1)…
Setting up node-is-descriptor (3.0.0-2)…
Setting up node-safe-buffer (5.2.1+~cs2.1.2-3)…
Setting up node-promise-inflight (1.0.1+~1.0.3-1)…
Setting up python3-packaging (26.0-1)…
Setting up libexpat1-dev:amd64 (2.7.4-1)…
Setting up node-rechoir (0.8.0+~0.6.4-1)…
Setting up node-json-parse-better-errors (1.0.2+~cs3.3.1-3)…
Setting up node-unicode-canonical-property-names-ecmascript (2.0.1-1)…
Setting up python3-venv (3.14.3-0ubuntu2)…
Setting up node-sprintf-js (1.1.3+ds1+~1.1.4-2)…
Setting up node-flatted (3.4.2~ds-1)…
Setting up node-y18n (5.0.8+~5.0.0-4)…
Setting up node-fast-deep-equal (3.1.3-3)…
Setting up node-shebang-regex (3.0.0-2)…
Setting up node-err-code (2.0.3+dfsg-3)…
Setting up node-resolve-from (5.0.0+~3.1.0+~3.3.0+~2.0.0-1)…
Setting up node-balanced-match (2.0.0-1)…
Setting up node-convert-source-map (2.0.0+~2.0.3-2)…
Setting up node-brace-expansion (2.0.1+~1.1.0-2)…
Setting up uuid-dev:amd64 (2.41.3-3ubuntu2)…
Setting up node-is-stream (3.0.0-5)…
Setting up node-spdx-exceptions (2.5.0-1)…
Setting up node-get-stream (8.0.1-11)…
Setting up node-js-tokens (8.0.0-2)…
Setting up node-core-js (3.33.2-1build2)…
Setting up node-interpret (2.2.0-3)…
Setting up node-strip-ansi (7.2.0-1)…
Setting up node-set-blocking (2.0.0-2)…
Setting up node-prr (1.0.1-3)…
Setting up libssl-dev:amd64 (3.5.5-1ubuntu3)…
Setting up node-write (2.0.0~6.0.1+~3.0.4+~2.0.0+~1.0.0+~2.0.1-5)…
Setting up node-repeat-string (1.6.1+repack-1)…
Setting up node-globals (13.23.0-1)…
Setting up node-deep-is (0.1.4-1)…
Setting up node-async (3.2.6+dfsg-3)…
Setting up node-signal-exit (4.1.0-8)…
Setting up node-require-from-string (2.0.2+~1.2.3-1)…
Setting up node-randombytes (2.1.0+~2.0.3-1)…
Setting up wabt (1.0.36+dfsg+~cs1.0.36-2ubuntu1)…
Setting up libllhttp9.3 (9.3.3~really9.3.0+~cs12.11.8-3build1)…
Setting up node-source-map (0.7.0++dfsg2+really.0.6.1-15)…
Setting up node-wrappy (1.0.2-3)…
Setting up node-object-visit (1.0.1-5)…
Setting up bridge-utils (1.7.1-4ubuntu3)…
debconf: unable to initialize frontend: Dialog
debconf: (Dialog frontend will not work on a dumb terminal, an emacs shell buffer, or without a controlling terminal.)
debconf: falling back to frontend: Readline
Setting up node-text-table (0.2.0-5)…
Setting up node-require-directory (2.1.1+~2.1.7-1)…
Setting up node-ip (2.0.1+~1.1.3-3)…
Setting up nodejs-doc (22.22.1+dfsg+~cs22.19.15-1ubuntu1)…
Setting up node-quick-lru (6.1.1-4)…
Setting up node-regenerator-runtime (0.15.2+~0.10.8-1)…
Setting up node-punycode (2.3.1+~2.1.4-1)…
Setting up node-to-fast-properties (3.0.1-3)…
Setting up node-defaults (1.0.4+~1.0.3-1)…
Setting up zlib1g-dev:amd64 (1:1.3.dfsg+really1.3.1-1ubuntu3)…
Setting up node-mute-stream (0.0.8+~0.0.1-3)…
Setting up node-memfs (3.4.12+~cs1.0.3-1)…
Setting up node-mimic-response (3.1.0-9)…
Setting up node-commander (14.0.3-7)…
Setting up fonts-dejavu-extra (2.37-8build1)…
Setting up node-graceful-fs (4.2.11-1)…
Setting up node-merge-stream (2.0.0+~1.1.2-2)…
Setting up node-is-path-cwd (2.2.0-2)…
Setting up pigz (2.8-1build1)…
Setting up node-jsonify (0.0.1-1)…
Setting up node-json-stable-stringify (1.0.2+repack1+~cs1.0.34-2)…
Setting up node-fast-levenshtein (2.0.6+ds-3)…
Setting up libjs-regenerate (1.4.2-3)…
Setting up node-hosted-git-info (9.0.2-1build1)…
Setting up node-aproba (2.1.0-1)…
Setting up node-unicode-property-aliases-ecmascript (2.1.0+ds-1)…
Setting up node-binary-extensions (2.2.0-2)…
Setting up node-is-plain-object (5.0.0-8)…
Setting up node-eslint-utils (3.0.0-4)…
Setting up node-mimic-fn (4.0.0-6)…
Setting up libada-url0-3:amd64 (3.4.3-1)…
Setting up node-long (5.2.3-3)…
Setting up node-path-dirname (1.0.2-2)…
Setting up node-ip-regex (4.3.0+~4.1.1-1)…
Setting up node-spdx-license-ids (3.26.0-1)…
Setting up node-string-decoder (1.3.0-6)…
Setting up xorg-sgml-doctools (1:1.11-1.1build1)…
Setting up node-esutils (2.0.3+~2.0.2-2)…
Setting up node-time-stamp (2.2.0-2)…
Setting up libpython3.14-dev:amd64 (3.14.4-1)…
Setting up node-commondir (1.0.1+~1.0.0-1)…
Setting up libjs-prettify (2015.12.04+dfsg-3)…
Setting up libjs-events (3.3.0+~3.0.3-1)…
Setting up node-mkdirp (2.1.6+~cs5.2.1-5)…
Setting up node-run-queue (2.0.0-3)…
Setting up node-core-util-is (1.0.3-1)…
Setting up node-json-schema (0.4.0+~7.0.15-1)…
Setting up node-prelude-ls (1.2.1+dfsg-3)…
Setting up node-minimatch (9.0.3-6)…
Setting up libatk-wrapper-java (0.44.0-1)…
Setting up node-cli-boxes (3.0.0-1build2)…
Setting up ca-certificates-java (20260311)…
No JRE found. Skipping Java certificates setup.
Setting up node-imurmurhash (0.1.4+dfsg+~0.1.1-2)…
Setting up node-xtend (4.0.2-3)…
Setting up node-set-immediate-shim (2.0.0-2)…
Setting up node-foreground-child (4.0.3-1)…
Setting up node-wordwrap (1.0.0-4)…
Setting up node-read (1.0.7-5)…
Setting up containerd (2.2.2-0ubuntu1)…
Created symlink '/etc/systemd/system/multi-user.target.wants/containerd.service' → '/usr/lib/systemd/system/containerd.service'.
Setting up node-regexpp (3.2.0-7)…
Setting up node-is-arrayish (0.3.4-1)…
Setting up node-base64-js (1.5.1+dfsg+~1.3.0-3)…
Setting up node-map-visit (1.0.0-4)…
Setting up node-esquery (1.4.2~ds-2)…
Setting up node-npm-run-path (5.1.0+~4.0.0-9)…
Setting up node-is-buffer (2.0.5-2)…
Setting up node-color-convert (2.0.1+~cs2.0.0-2)…
Setting up node-data-uri-to-buffer (6.0.2~0~2025070717+~cs15.2.7-1build1)…
Setting up node-async-each (1.0.3-3)…
Setting up node-isarray (2.0.5-4)…
Setting up node-osenv (0.1.5+~0.1.3-1)…
Setting up node-is-plain-obj (3.0.0-2)…
Setting up node-is-extglob (2.1.1-5)…
Setting up node-tapable (2.2.1-3)…
Setting up node-shebang-command (2.0.0-1)…
Setting up node-lowercase-keys (2.0.0-2)…
Setting up node-babel-plugin-add-module-exports (1.0.4+dfsg1~cs5.8.0-4)…
Setting up node-decompress-response (6.0.0-3)…
Setting up node-strip-eof (3.0.0-6)…
Setting up node-process-nextick-args (2.0.1-3)…
Setting up node-has-unicode (2.0.1-5)…
Setting up gyp (0.16.2-2build1)…
Setting up node-readable-stream (3.6.0+~cs3.0.0-4build1)…
Setting up ubuntu-fan (0.12.17)…
Created symlink '/etc/systemd/system/multi-user.target.wants/ubuntu-fan.service' → '/usr/lib/systemd/system/ubuntu-fan.service'.
Setting up node-promise-retry (2.0.1-4)…
Setting up node-supports-color (10.2.2+ds-3)…
Setting up libpython3-dev:amd64 (3.14.3-0ubuntu2)…
Setting up node-error-ex (1.3.4-1)…
Setting up node-once (1.4.1-1)…
Setting up node-write-file-atomic (7.0.1+~4.0.3-1)…
Setting up node-webpack-sources (3.2.3+~3.2.0-2)…
Setting up node-n3 (1.16.3+~1.2.3+~1.10.4-3)…
Setting up python3.14-dev (3.14.4-1)…
Setting up node-serialize-javascript (7.0.4+~5.0.4-1)…
Setting up node-are-we-there-yet (4.0.2+~1.1.2-1)…
Setting up node-shell-quote (1.8.3+~1.7.5-1)…
Setting up node-find-up (6.3.0-8)…
Setting up node-kind-of (6.0.3+dfsg-2)…
Setting up docker.io (29.1.3-0ubuntu4.1)…
debconf: unable to initialize frontend: Dialog
debconf: (Dialog frontend will not work on a dumb terminal, an emacs shell buffer, or without a controlling terminal.)
debconf: falling back to frontend: Readline
Created symlink '/etc/systemd/system/multi-user.target.wants/docker.service' → '/usr/lib/systemd/system/docker.service'.
Created symlink '/etc/systemd/system/sockets.target.wants/docker.socket' → '/usr/lib/systemd/system/docker.socket'.
Setting up node-is-binary-path (2.1.0-5)…
Setting up node-events (3.3.0+~3.0.3-1)…
Setting up node-minimist (1.2.8+~cs5.3.5-1)…
Setting up python3-wheel (0.46.3-2)…
Setting up node-fancy-log (1.3.3+~cs1.3.1-2)…
Setting up libatk-wrapper-java-jni:amd64 (0.44.0-1)…
Setting up node-define-property (2.0.2+really+2.0.2-3)…
Setting up node-promzard (0.3.0-2)…
Setting up node-wcwidth.js (1.0.2-2)…
Setting up node-resolve-cwd (3.0.0-2)…
Setting up node-fetch (3.3.2+~cs11.4.11-3)…
Setting up node-babel7-runtime (7.20.15+ds1+~cs214.269.168-16)…
Setting up node-iconv-lite (0.6.3-3)…
Setting up node-type-check (0.4.0+dfsg-3)…
Setting up node-ansi-styles (6.2.3-1)…
Setting up node-pkg-dir (5.0.0-2)…
Setting up python3-dev (3.14.3-0ubuntu2)…
Setting up node-got (11.8.5+~cs58.13.36-6)…
Setting up node-collection-visit (1.0.0-4)…
Setting up node-restore-cursor (4.0.0-4)…
Setting up node-optimist (0.6.1+~0.0.30-2)…
Setting up node-chalk (5.6.2+dfsg-5build3)…
Setting up node-spdx-expression-parse (4.0.0+~3.0.5-1)…
Setting up python3-pip (25.1.1+dfsg-1ubuntu2)…
Setting up openjdk-17-jre-headless:amd64 (17.0.18+8-1)…
update-alternatives: using /usr/lib/jvm/java-17-openjdk-amd64/bin/java to provide /usr/bin/java (java) in auto mode
update-alternatives: using /usr/lib/jvm/java-17-openjdk-amd64/bin/jpackage to provide /usr/bin/jpackage (jpackage) in auto mode
update-alternatives: using /usr/lib/jvm/java-17-openjdk-amd64/bin/keytool to provide /usr/bin/keytool (keytool) in auto mode
update-alternatives: using /usr/lib/jvm/java-17-openjdk-amd64/bin/rmiregistry to provide /usr/bin/rmiregistry (rmiregistry) in auto mode
update-alternatives: using /usr/lib/jvm/java-17-openjdk-amd64/lib/jexec to provide /usr/bin/jexec (jexec) in auto mode
Setting up node-concat-stream (2.0.0+~2.0.3-1)…
Setting up node-has-values (2.0.1-4)…
Setting up node-encoding (0.1.13-2)…
Setting up node-slice-ansi (5.0.0+~cs9.0.0-5)…
Setting up node-string-width (4.2.3+~cs13.2.3-1)…
Setting up node-fs-write-stream-atomic (1.0.10-6)…
Setting up node-cli-cursor (4.0.0-4)…
Setting up node-columnify (1.6.0+~1.5.4-1)…
Setting up node-regenerator-transform (0.15.2+~0.10.8-1)…
Setting up node-levn (0.4.1+dfsg-2)…
Setting up node-spdx-correct (3.2.0+~3.1.3-1)…
Setting up node-wrap-ansi (8.0.1+~8.0.1-3)…
Setting up node-widest-line (3.1.0-2)…
Setting up node-cli-table (0.3.11+~cs0.13.4-3)…
Setting up node-minipass (5.0.0+~cs13.3.24-1build1)…
Setting up node-has-value (2.0.2-4)…
Setting up node-wide-align (1.1.3-4)…
Setting up node-unset-value (2.0.1-1)…
Setting up node-cliui (7.0.4+repack+1+~cs1.4.2-2)…
Setting up node-validate-npm-package-license (3.0.4-3)…
Setting up node-optionator (0.9.1+dfsg+~cs1.2.3-1)…
Setting up node-ssri (9.0.1-3)…
Setting up node-gauge (4.0.4-2)…
Setting up node-tar (6.2.1+ds1+~cs6.1.13-10)…
Setting up node-npmlog (7.0.1+~4.1.4-1)…
Setting up node-semver (7.6.1+~7.5.8-2)…
Setting up node-builtins (5.0.1-1)…
Setting up node-corepack (0.24.0-5build1)…
Setting up node-define-properties (1.2.1+~cs2.2.3-1)…
Setting up node-make-dir (3.1.0-3)…
Setting up node-validate-npm-package-name (5.0.0+~4.0.0-1)…
Setting up node-normalize-package-data (8.0.0+~2.4.4-3build1)…
Setting up node-acorn (8.16.0+ds+~cs25.18.7-4)…
Setting up node-espree (9.4.1~dfsg-2)…
Setting up node-npm-package-arg (10.0.0+~3.0.0-2)…
Setting up node-debbundle-es-to-primitive (1.2.1+~cs9.7.25-2)…
Setting up node-read-pkg (5.2.0-2)…
Setting up node-ms (2.1.3+~cs0.7.31-3)…
Setting up node-debug (4.4.3+~4.1.13-1)…
Setting up node-llhttp (9.3.3~really9.3.0+~cs12.11.8-3build1)…
Setting up node-agent-base (7.1.4~0~2025070717+~cs15.2.7-1build1)…
Setting up node-babel-helper-define-polyfill-provider (0.3.3~0~20220913+ds1-1)…
Setting up node-undici (7.18.2+dfsg+~cs3.2.0-1build1)…
Setting up node-https-proxy-agent (7.0.6~0~2025070717+~cs15.2.7-1build1)…
Setting up node-babel-plugin-polyfill-corejs2 (0.3.3~0~20220913+ds1-1)…
Setting up node-http-proxy-agent (7.0.2~0~2025070717+~cs15.2.7-1build1)…
Setting up node-babel-plugin-polyfill-regenerator (0.4.1~0~20220913+ds1-1)…
Setting up libnode127:amd64 (22.22.1+dfsg+~cs22.19.15-1ubuntu1)…
Setting up libnode-dev (22.22.1+dfsg+~cs22.19.15-1ubuntu1)…
Setting up nodejs (22.22.1+dfsg+~cs22.19.15-1ubuntu1)…
update-alternatives: using /usr/bin/nodejs to provide /usr/bin/js (js) in auto mode
Setting up node-argparse (2.0.1-3)…
Setting up terser (5.46.1-4)…
Setting up node-mime (4.1.0+dfsg+~cs8.97.10-6build5)…
Setting up node-unique-filename (1.1.1+ds-2)…
Setting up node-unicode-match-property-ecmascript (2.0.0-2)…
Setting up node-defined (1.0.1+~1.0.2-1)…
Setting up node-mime-types (3.0.2+~3.0.1-1)…
Setting up node-re2:amd64 (1.23.3+~cs1.3.5-1)…
Setting up node-ws (8.19.0+~cs14.19.1-1)…
Setting up node-ansi-escapes (5.0.0+really.4.3.1-1)…
Setting up node-lcov-parse (1.0.0+20170612git80d039574ed9-7)…
Setting up node-ignore (5.2.1-1)…
Setting up node-which (2.0.2+~cs1.3.2-5)…
Setting up node-css-selector-tokenizer (0.8.0+~cs4.8.3-1)…
Setting up node-tap-parser (13.0.1+~cs4.1.3-4)…
Setting up node-esprima (4.0.1+ds+~4.0.3-2)…
Setting up node-cli-truncate (2.1.0-5)…
Setting up node-is-path-inside (3.0.3-2)…
Setting up node-neo-async (2.6.2+~cs3.0.0-3)…
Setting up node-es6-error (4.1.1-5)…
Setting up node-opener (1.5.2+~1.4.3-1)…
Setting up node-archy (1.0.0-7)…
Setting up node-js-yaml (4.1.1+dfsg+~4.0.9-1)…
Setting up node-nopt (9.0.0-1build1)…
Setting up node-lodash (4.17.23+dfsg-1)…
Setting up node-progress (2.0.3-2)…
Setting up node-json5 (2.2.3+dfsg-3)…
Setting up node-regenerate (1.4.2-3)…
Setting up node-picocolors (1.1.1-1)…
Setting up node-es-abstract (1.20.4+~cs26.27.47-2)…
Setting up node-is-primitive (3.0.1-3)…
Setting up node-log-driver (1.2.7+git+20180219+bba1761737-8)…
Setting up handlebars (3:4.7.7+~4.1.0-1)…
Setting up node-object-assign (4.1.1-7)…
Setting up node-is-glob (4.0.3-2)…
Setting up node-v8-compile-cache (2.4.0-4)…
Setting up node-is-number (7.0.0-4)…
Setting up node-for-in (1.0.2-4)…
Setting up node-execa (8.0.1+dfsg1+~cs12.0.0-1build2)…
Setting up node-strip-json-comments (4.0.0-4)…
Setting up node-is-extendable (1.0.1-3)…
Setting up node-path-scurry (1.9.2-2)…
Setting up node-doctrine (3.0.0-4)…
Setting up node-set-value (4.1.0+~4.0.3-1)…
Setting up node-ajv (8.17.1~ds+~3.0.1+~3.1.0-4build1)…
Setting up node-jsesc (3.0.2+~3.0.1-1)…
Setting up node-regjsparser (0.12.0+ds-2)…
Setting up node-errno (1.0.0-3)…
Setting up node-decamelize (4.0.0-2)…
Setting up node-normalize-path (3.0.0+~3.0.2-1)…
Setting up node-ci-info (4.4.0+~cs8.2.0-3build3)…
Setting up node-functional-red-black-tree (1.0.1+20181105-8)…
Setting up node-browserslist (4.28.1+~cs8.14.48-1)…
Setting up node-yargs-parser (21.1.1+~21.0.0-4)…
Setting up node-coveralls (3.1.1-4)…
Setting up node-esrecurse (4.3.0-2)…
Setting up node-for-own (1.0.0-3)…
Setting up node-glob (10.3.6+~cs0.4.15-8build1)…
Setting up node-eslint-scope (7.1.1+~3.7.4-1)…
Setting up node-mixin-deep (2.0.1-3)…
Setting up node-memory-fs (0.5.0+~0.3.3-2)…
Setting up node-gyp (12.1.0+~6.1.0-3)…
Setting up node-regenerate-unicode-properties (10.2.2+ds-2)…
Setting up node-glob-parent (6.0.2+~5.1.3-1)…
Setting up node-enhanced-resolve (5.15.0-1)…
Setting up node-postcss (8.5.8+~cs9.3.30-1)…
Setting up node-anymatch (3.1.3+~cs8.0.6-1)…
Setting up node-postcss-modules-extract-imports (3.1.0-1)…
Setting up node-rimraf (4.4.1-6)…
Setting up node-regexpu-core (6.2.0-2build1)…
Setting up node-yargs (16.2.0+~16.0.4-7)…
Setting up node-to-regex-range (5.0.1-4)…
Setting up node-union-value (2.0.1-4)…
Setting up node-flat-cache (3.0.4~6.0.1+~3.0.4+~2.0.0+~1.0.0+~2.0.1-5)…
Setting up node-envinfo (7.11.0+~cs14.3.0-7build1)…
Setting up node-webassemblyjs (1.14.1+dfsg3+~cs1.2.7-2)…
Setting up node-ajv-keywords (5.1.0-4)…
Setting up node-read-package-json (5.0.2+~2.0.0-5build1)…
Setting up node-copy-concurrently (1.0.5-11)…
Setting up node-core-js-compat (3.33.2-1build2)…
Setting up node-clone-deep (4.0.1+~cs7.0.2-1)…
Setting up node-move-concurrently (1.0.1-7)…
Setting up node-source-map-support (0.5.21+ds+~0.5.10-2)…
Setting up node-tap-mocha-reporter (5.0.4+~2.1.0-1)…
Setting up node-file-entry-cache (6.0.1+~3.0.4+~2.0.0+~1.0.0+~2.0.1-5)…
Setting up node-readdirp (3.6.0-3)…
Setting up node-cache-base (4.0.2-2)…
Setting up node-escodegen (2.1.0+dfsg+~0.0.10-2)…
Setting up node-icss-utils (5.1.0+~5.1.2-1)…
Setting up node-npm-bundled (2.0.1-2)…
Setting up node-schema-utils (4.2.0~ds-4)…
Setting up node-jest-worker (29.6.2~ds3+~cs73.45.28-3build3)…
Setting up node-babel-plugin-polyfill-corejs3 (0.6.0~0~20220913+ds1-1)…
Setting up node-postcss-modules-values (4.0.0+~4.0.2-1)…
Setting up node-fill-range (7.1.1+~7.0.3-1)…
Setting up node-cacache (17.0.3+ds1+~cs8.2.7-3)…
Setting up node-base (3.0.0-3)…
Setting up eslint (6.4.0~dfsg+~6.1.9-12)…
Setting up node-braces (3.0.3+~3.0.5-1)…
Setting up node-chokidar (3.6.0-5)…
Setting up node-watchpack (2.4.0+~cs2.8.1-1)…
Setting up node-micromatch (4.0.8+~4.0.10-2)…
Setting up node-globby (13.1.3+~cs16.25.40-4)…
Setting up node-del (7.1.0-2)…
Setting up node-find-cache-dir (3.3.2+~3.2.1-1)…
Setting up node-istanbul (0.4.5+repack10+~cs98.25.59-7)…
Setting up node-tape (5.6.1+~cs8.20.19-5)…
Setting up node-babel7 (7.20.15+ds1+~cs214.269.168-16)…
update-alternatives: using /usr/bin/babeljs-7 to provide /usr/bin/babeljs (babeljs) in auto mode
update-alternatives: using /usr/bin/babeljs-7-external-helpers to provide /usr/bin/babeljs-external-helpers (babeljs-external-helpers) in auto mode
update-alternatives: using /usr/bin/babeljs-7-node to provide /usr/bin/babeljs-node (babeljs-node) in auto mode
update-alternatives: using /usr/bin/babeljs-7-parser to provide /usr/bin/babeljs-parser (babeljs-parser) in auto mode
Setting up node-deep-equal (2.2.3+~cs43.15.94-1)…
Setting up libjs-util (0.12.5+~1.0.10-2)…
Setting up node-babel-plugin-lodash (3.3.4+~cs2.0.1-8build1)…
Setting up node-jest-debbundle (29.6.2~ds3+~cs73.45.28-3build3)…
Setting up node-tap (16.3.7+ds3+~cs49.5.20-6)…
Setting up node-util (0.12.5+~1.0.10-2)…
Setting up webpack (5.105.4+dfsg1+~cs15.13.23-2)…
Setting up node-assert (2.0.0+~cs3.9.8-2)…
Setting up node-css-loader (6.8.1+~cs14.0.17-2)…
Setting up node-parse-json (5.2.0+~cs5.1.7-2)…
Setting up npm (9.2.0~ds3-1)…
Processing triggers for libc-bin (2.43-2ubuntu2)…
Processing triggers for man-db (2.13.1-1build1)…
Processing triggers for sgml-base (1.31+nmu1build1)…
Setting up x11proto-dev (2025.1-1)…
Processing triggers for fontconfig (2.17.1-3ubuntu1)…
Processing triggers for desktop-file-utils (0.28-1build1)…
Setting up libxau-dev:amd64 (1:1.0.11-1build2)…
Processing triggers for hicolor-icon-theme (0.18-2build1)…
Setting up libice-dev:amd64 (2:1.1.1-1build1)…
Processing triggers for gnome-menus (3.38.1-1ubuntu1)…
Setting up libsm-dev:amd64 (2:1.2.6-1build1)…
Setting up libxdmcp-dev:amd64 (1:1.1.5-2)…
Setting up libxcb1-dev:amd64 (1.17.0-2ubuntu1)…
Setting up libx11-dev:amd64 (2:1.8.13-1)…
Setting up libxt-dev:amd64 (1:1.2.1-1.3build1)…
Processing triggers for ca-certificates-java (20260311)…
Adding debian:ACCVRAIZ1.pem
Adding debian:AC_RAIZ_FNMT-RCM.pem
Adding debian:AC_RAIZ_FNMT-RCM_SERVIDORES_SEGUROS.pem
Adding debian:Actalis_Authentication_Root_CA.pem
Adding debian:AffirmTrust_Commercial.pem
Adding debian:AffirmTrust_Networking.pem
Adding debian:AffirmTrust_Premium_ECC.pem
Adding debian:AffirmTrust_Premium.pem
Adding debian:Amazon_Root_CA_1.pem
Adding debian:Amazon_Root_CA_2.pem
Adding debian:Amazon_Root_CA_3.pem
Adding debian:Amazon_Root_CA_4.pem
Adding debian:ANF_Secure_Server_Root_CA.pem
Adding debian:Atos_TrustedRoot_2011.pem
Adding debian:Atos_TrustedRoot_Root_CA_ECC_TLS_2021.pem
Adding debian:Atos_TrustedRoot_Root_CA_RSA_TLS_2021.pem
Adding debian:Autoridad_de_Certificacion_Firmaprofesional_CIF_A62634068.pem
Adding debian:BJCA_Global_Root_CA1.pem
Adding debian:BJCA_Global_Root_CA2.pem
Adding debian:Buypass_Class_2_Root_CA.pem
Adding debian:Buypass_Class_3_Root_CA.pem
Adding debian:CA_Disig_Root_R2.pem
Adding debian:Certainly_Root_E1.pem
Adding debian:Certainly_Root_R1.pem
Adding debian:Certigna.pem
Adding debian:Certigna_Root_CA.pem
Adding debian:certSIGN_Root_CA_G2.pem
Adding debian:certSIGN_ROOT_CA.pem
Adding debian:Certum_EC-384_CA.pem
Adding debian:Certum_Trusted_Network_CA_2.pem
Adding debian:Certum_Trusted_Network_CA.pem
Adding debian:Certum_Trusted_Root_CA.pem
Adding debian:CFCA_EV_ROOT.pem
Adding debian:COMODO_Certification_Authority.pem
Adding debian:COMODO_ECC_Certification_Authority.pem
Adding debian:COMODO_RSA_Certification_Authority.pem
Adding debian:DigiCert_Assured_ID_Root_CA.pem
Adding debian:DigiCert_Assured_ID_Root_G2.pem
Adding debian:DigiCert_Assured_ID_Root_G3.pem
Adding debian:DigiCert_Global_Root_CA.pem
Adding debian:DigiCert_Global_Root_G2.pem
Adding debian:DigiCert_Global_Root_G3.pem
Adding debian:DigiCert_High_Assurance_EV_Root_CA.pem
Adding debian:DigiCert_TLS_ECC_P384_Root_G5.pem
Adding debian:DigiCert_TLS_RSA4096_Root_G5.pem
Adding debian:DigiCert_Trusted_Root_G4.pem
Adding debian:D-TRUST_BR_Root_CA_1_2020.pem
Adding debian:D-TRUST_BR_Root_CA_2_2023.pem
Adding debian:D-TRUST_EV_Root_CA_1_2020.pem
Adding debian:D-TRUST_EV_Root_CA_2_2023.pem
Adding debian:D-TRUST_Root_Class_3_CA_2_2009.pem
Adding debian:D-TRUST_Root_Class_3_CA_2_EV_2009.pem
Adding debian:emSign_ECC_Root_CA_-_C3.pem
Adding debian:emSign_ECC_Root_CA_-_G3.pem
Adding debian:emSign_Root_CA_-_C1.pem
Adding debian:emSign_Root_CA_-_G1.pem
Adding debian:Entrust_Root_Certification_Authority_-_EC1.pem
Adding debian:Entrust_Root_Certification_Authority_-_G2.pem
Adding debian:Entrust_Root_Certification_Authority.pem
Adding debian:ePKI_Root_Certification_Authority.pem
Adding debian:e-Szigno_Root_CA_2017.pem
Adding debian:FIRMAPROFESIONAL_CA_ROOT-A_WEB.pem
Adding debian:GDCA_TrustAUTH_R5_ROOT.pem
Adding debian:GlobalSign_ECC_Root_CA_-_R4.pem
Adding debian:GlobalSign_ECC_Root_CA_-_R5.pem
Adding debian:GlobalSign_Root_CA_-_R3.pem
Adding debian:GlobalSign_Root_CA_-_R6.pem
Adding debian:GlobalSign_Root_E46.pem
Adding debian:GlobalSign_Root_R46.pem
Adding debian:GLOBALTRUST_2020.pem
Adding debian:Go_Daddy_Root_Certificate_Authority_-_G2.pem
Adding debian:GTS_Root_R1.pem
Adding debian:GTS_Root_R2.pem
Adding debian:GTS_Root_R3.pem
Adding debian:GTS_Root_R4.pem
Adding debian:HARICA_TLS_ECC_Root_CA_2021.pem
Adding debian:HARICA_TLS_RSA_Root_CA_2021.pem
Adding debian:Hellenic_Academic_and_Research_Institutions_ECC_RootCA_2015.pem
Adding debian:Hellenic_Academic_and_Research_Institutions_RootCA_2015.pem
Adding debian:HiPKI_Root_CA_-_G1.pem
Adding debian:Hongkong_Post_Root_CA_3.pem
Adding debian:IdenTrust_Commercial_Root_CA_1.pem
Adding debian:IdenTrust_Public_Sector_Root_CA_1.pem
Adding debian:ISRG_Root_X1.pem
Adding debian:ISRG_Root_X2.pem
Adding debian:Izenpe.com.pem
Adding debian:Microsec_e-Szigno_Root_CA_2009.pem
Adding debian:Microsoft_ECC_Root_Certificate_Authority_2017.pem
Adding debian:Microsoft_RSA_Root_Certificate_Authority_2017.pem
Adding debian:NAVER_Global_Root_Certification_Authority.pem
Adding debian:NetLock_Arany_=Class_Gold=_Főtanúsítvány.pem
Adding debian:OISTE_Server_Root_ECC_G1.pem
Adding debian:_OISTE_Server_Root_RSA_G1.pem
Adding debian:OISTE_WISeKey_Global_Root_GB_CA.pem
Adding debian:OISTE_WISeKey_Global_Root_GC_CA.pem
Adding debian:QuoVadis_Root_CA_1_G3.pem
Adding debian:QuoVadis_Root_CA_2_G3.pem
Adding debian:QuoVadis_Root_CA_2.pem
Adding debian:QuoVadis_Root_CA_3_G3.pem
Adding debian:QuoVadis_Root_CA_3.pem
Adding debian:Sectigo_Public_Server_Authentication_Root_E46.pem
Adding debian:Sectigo_Public_Server_Authentication_Root_R46.pem
Adding debian:Secure_Global_CA.pem
Adding debian:SecureSign_Root_CA12.pem
Adding debian:SecureSign_Root_CA14.pem
Adding debian:SecureSign_Root_CA15.pem
Adding debian:SecureTrust_CA.pem
Adding debian:Security_Communication_ECC_RootCA1.pem
Adding debian:Security_Communication_RootCA2.pem
Adding debian:SSL.com_EV_Root_Certification_Authority_ECC.pem
Adding debian:SSL.com_EV_Root_Certification_Authority_RSA_R2.pem
Adding debian:SSL.com_Root_Certification_Authority_ECC.pem
Adding debian:SSL.com_Root_Certification_Authority_RSA.pem
Adding debian:SSL.com_TLS_ECC_Root_CA_2022.pem
Adding debian:SSL.com_TLS_RSA_Root_CA_2022.pem
Adding debian:Starfield_Root_Certificate_Authority_-_G2.pem
Adding debian:Starfield_Services_Root_Certificate_Authority_-_G2.pem
Adding debian:SwissSign_Gold_CA_-_G2.pem
Adding debian:SwissSign_RSA_TLS_Root_CA_2022_-_1.pem
Adding debian:SZAFIR_ROOT_CA2.pem
Adding debian:Telekom_Security_TLS_ECC_Root_2020.pem
Adding debian:Telekom_Security_TLS_RSA_Root_2023.pem
Adding debian:Telia_Root_CA_v2.pem
Adding debian:TeliaSonera_Root_CA_v1.pem
Adding debian:TrustAsia_Global_Root_CA_G3.pem
Adding debian:TrustAsia_Global_Root_CA_G4.pem
Adding debian:TrustAsia_TLS_ECC_Root_CA.pem
Adding debian:TrustAsia_TLS_RSA_Root_CA.pem
Adding debian:Trustwave_Global_Certification_Authority.pem
Adding debian:Trustwave_Global_ECC_P256_Certification_Authority.pem
Adding debian:Trustwave_Global_ECC_P384_Certification_Authority.pem
Adding debian:T-TeleSec_GlobalRoot_Class_2.pem
Adding debian:T-TeleSec_GlobalRoot_Class_3.pem
Adding debian:TUBITAK_Kamu_SM_SSL_Kok_Sertifikasi_-_Surum_1.pem
Adding debian:TunTrust_Root_CA.pem
Adding debian:TWCA_CYBER_Root_CA.pem
Adding debian:TWCA_Global_Root_CA.pem
Adding debian:TWCA_Root_Certification_Authority.pem
Adding debian:UCA_Extended_Validation_Root.pem
Adding debian:UCA_Global_G2_Root.pem
Adding debian:USERTrust_ECC_Certification_Authority.pem
Adding debian:USERTrust_RSA_Certification_Authority.pem
Adding debian:vTrus_ECC_Root_CA.pem
Adding debian:vTrus_Root_CA.pem
done.
Setting up openjdk-17-jre:amd64 (17.0.18+8-1)…
Setting up openjdk-17-jdk-headless:amd64 (17.0.18+8-1)…
update-alternatives: using /usr/lib/jvm/java-17-openjdk-amd64/bin/jar to provide /usr/bin/jar (jar) in auto mode
update-alternatives: using /usr/lib/jvm/java-17-openjdk-amd64/bin/jarsigner to provide /usr/bin/jarsigner (jarsigner) in auto mode
update-alternatives: using /usr/lib/jvm/java-17-openjdk-amd64/bin/javac to provide /usr/bin/javac (javac) in auto mode
update-alternatives: using /usr/lib/jvm/java-17-openjdk-amd64/bin/javadoc to provide /usr/bin/javadoc (javadoc) in auto mode
update-alternatives: using /usr/lib/jvm/java-17-openjdk-amd64/bin/javap to provide /usr/bin/javap (javap) in auto mode
update-alternatives: using /usr/lib/jvm/java-17-openjdk-amd64/bin/jcmd to provide /usr/bin/jcmd (jcmd) in auto mode
update-alternatives: using /usr/lib/jvm/java-17-openjdk-amd64/bin/jdb to provide /usr/bin/jdb (jdb) in auto mode
update-alternatives: using /usr/lib/jvm/java-17-openjdk-amd64/bin/jdeprscan to provide /usr/bin/jdeprscan (jdeprscan) in auto mode
update-alternatives: using /usr/lib/jvm/java-17-openjdk-amd64/bin/jdeps to provide /usr/bin/jdeps (jdeps) in auto mode
update-alternatives: using /usr/lib/jvm/java-17-openjdk-amd64/bin/jfr to provide /usr/bin/jfr (jfr) in auto mode
update-alternatives: using /usr/lib/jvm/java-17-openjdk-amd64/bin/jimage to provide /usr/bin/jimage (jimage) in auto mode
update-alternatives: using /usr/lib/jvm/java-17-openjdk-amd64/bin/jinfo to provide /usr/bin/jinfo (jinfo) in auto mode
update-alternatives: using /usr/lib/jvm/java-17-openjdk-amd64/bin/jlink to provide /usr/bin/jlink (jlink) in auto mode
update-alternatives: using /usr/lib/jvm/java-17-openjdk-amd64/bin/jmap to provide /usr/bin/jmap (jmap) in auto mode
update-alternatives: using /usr/lib/jvm/java-17-openjdk-amd64/bin/jmod to provide /usr/bin/jmod (jmod) in auto mode
update-alternatives: using /usr/lib/jvm/java-17-openjdk-amd64/bin/jps to provide /usr/bin/jps (jps) in auto mode
update-alternatives: using /usr/lib/jvm/java-17-openjdk-amd64/bin/jrunscript to provide /usr/bin/jrunscript (jrunscript) in auto mode
update-alternatives: using /usr/lib/jvm/java-17-openjdk-amd64/bin/jshell to provide /usr/bin/jshell (jshell) in auto mode
update-alternatives: using /usr/lib/jvm/java-17-openjdk-amd64/bin/jstack to provide /usr/bin/jstack (jstack) in auto mode
update-alternatives: using /usr/lib/jvm/java-17-openjdk-amd64/bin/jstat to provide /usr/bin/jstat (jstat) in auto mode
update-alternatives: using /usr/lib/jvm/java-17-openjdk-amd64/bin/jstatd to provide /usr/bin/jstatd (jstatd) in auto mode
update-alternatives: using /usr/lib/jvm/java-17-openjdk-amd64/bin/serialver to provide /usr/bin/serialver (serialver) in auto mode
update-alternatives: using /usr/lib/jvm/java-17-openjdk-amd64/bin/jhsdb to provide /usr/bin/jhsdb (jhsdb) in auto mode
Setting up openjdk-17-jdk:amd64 (17.0.18+8-1)…
update-alternatives: using /usr/lib/jvm/java-17-openjdk-amd64/bin/jconsole to provide /usr/bin/jconsole (jconsole) in auto mode
System dependencies installed!
Setup 1 Complete. Starting DevOps setup...
Starting DevOps Infrastructure Setup...
Hit:1 http://archive.ubuntu.com/ubuntu resolute InRelease
Hit:2 http://security.ubuntu.com/ubuntu resolute-security InRelease
Hit:3 https://dl.google.com/linux/chrome-stable/deb stable InRelease
Hit:4 http://archive.ubuntu.com/ubuntu resolute-updates InRelease
Hit:5 http://archive.ubuntu.com/ubuntu resolute-backports InRelease
Hit:6 https://us-central1-apt.pkg.dev/projects/antigravity-auto-updater-dev antigravity-debian InRelease
Reading package lists...
Reading package lists...
Building dependency tree...
Reading state information...
curl is already the newest version (8.18.0-1ubuntu2.1).
wget is already the newest version (1.25.0-2ubuntu4).
software-properties-common is already the newest version (0.120).
software-properties-common set to manually installed.
ca-certificates is already the newest version (20260223).
ca-certificates set to manually installed.
Solving dependencies...
The following packages were automatically installed and are no longer required:
  linux-headers-7.0.0-14 linux-headers-7.0.0-14-generic
  linux-image-unsigned-7.0.0-14-generic
  linux-main-modules-zfs-7.0.0-14-generic linux-modules-7.0.0-14-generic
  linux-tools-7.0.0-14 linux-tools-7.0.0-14-generic
Use 'sudo apt autoremove' to remove them.
The following additional packages will be installed:
  default-jdk-headless default-jre-headless openjdk-25-jdk
  openjdk-25-jdk-headless openjdk-25-jre openjdk-25-jre-headless
Suggested packages:
  openjdk-25-demo openjdk-25-source visualvm fonts-ipafont-gothic
  fonts-ipafont-mincho fonts-wqy-microhei | fonts-wqy-zenhei fonts-indic
The following NEW packages will be installed:
  apt-transport-https default-jdk default-jdk-headless default-jre
  default-jre-headless openjdk-25-jdk openjdk-25-jdk-headless openjdk-25-jre
  openjdk-25-jre-headless
0 upgraded, 9 newly installed, 0 to remove and 0 not upgraded.
Need to get 152 MB of archives.
After this operation, 351 MB of additional disk space will be used.
Get:1 http://archive.ubuntu.com/ubuntu resolute/universe amd64 apt-transport-https all 3.2.0 [3,928 B]
Get:2 http://archive.ubuntu.com/ubuntu resolute/main amd64 openjdk-25-jre-headless amd64 25.0.3~7ea-2 [59.0 MB]
Get:3 http://archive.ubuntu.com/ubuntu resolute/main amd64 default-jre-headless amd64 2:1.25-77 [2,986 B]
Get:4 http://archive.ubuntu.com/ubuntu resolute/main amd64 openjdk-25-jre amd64 25.0.3~7ea-2 [218 kB]
Get:5 http://archive.ubuntu.com/ubuntu resolute/main amd64 default-jre amd64 2:1.25-77 [872 B]
Get:6 http://archive.ubuntu.com/ubuntu resolute/main amd64 openjdk-25-jdk-headless amd64 25.0.3~7ea-2 [89.4 MB]
Get:7 http://archive.ubuntu.com/ubuntu resolute/main amd64 default-jdk-headless amd64 2:1.25-77 [916 B]
Get:8 http://archive.ubuntu.com/ubuntu resolute/main amd64 openjdk-25-jdk amd64 25.0.3~7ea-2 [3,730 kB]
Get:9 http://archive.ubuntu.com/ubuntu resolute/main amd64 default-jdk amd64 2:1.25-77 [882 B]
debconf: unable to initialize frontend: Dialog
debconf: (Dialog frontend will not work on a dumb terminal, an emacs shell buffer, or without a controlling terminal.)
debconf: falling back to frontend: Readline
debconf: unable to initialize frontend: Readline
debconf: (This frontend requires a controlling tty.)
debconf: falling back to frontend: Teletype
debconf: unable to initialize frontend: Teletype
debconf: (This frontend requires a controlling tty.)
debconf: falling back to frontend: Noninteractive
Fetched 152 MB in 27s (5,709 kB/s)
Selecting previously unselected package apt-transport-https.
(Reading database… (Reading database… 5%(Reading database… 10%(Reading database… 15%(Reading database… 20%(Reading database… 25%(Reading database… 30%(Reading database… 35%(Reading database… 40%(Reading database… 45%(Reading database… 50%(Reading database… 55%(Reading database… 60%(Reading database… 65%(Reading database… 70%(Reading database… 75%(Reading database… 80%(Reading database… 85%(Reading database… 90%(Reading database… 95%(Reading database… 100%(Reading database… 252679 files and directories currently installed.)
Preparing to unpack …/0-apt-transport-https_3.2.0_all.deb…
Unpacking apt-transport-https (3.2.0)…
Selecting previously unselected package openjdk-25-jre-headless:amd64.
Preparing to unpack …/1-openjdk-25-jre-headless_25.0.3~7ea-2_amd64.deb…
Unpacking openjdk-25-jre-headless:amd64 (25.0.3~7ea-2)…
Selecting previously unselected package default-jre-headless.
Preparing to unpack …/2-default-jre-headless_2%3a1.25-77_amd64.deb…
Unpacking default-jre-headless (2:1.25-77)…
Selecting previously unselected package openjdk-25-jre:amd64.
Preparing to unpack …/3-openjdk-25-jre_25.0.3~7ea-2_amd64.deb…
Unpacking openjdk-25-jre:amd64 (25.0.3~7ea-2)…
Selecting previously unselected package default-jre.
Preparing to unpack …/4-default-jre_2%3a1.25-77_amd64.deb…
Unpacking default-jre (2:1.25-77)…
Selecting previously unselected package openjdk-25-jdk-headless:amd64.
Preparing to unpack …/5-openjdk-25-jdk-headless_25.0.3~7ea-2_amd64.deb…
Unpacking openjdk-25-jdk-headless:amd64 (25.0.3~7ea-2)…
Selecting previously unselected package default-jdk-headless.
Preparing to unpack …/6-default-jdk-headless_2%3a1.25-77_amd64.deb…
Unpacking default-jdk-headless (2:1.25-77)…
Selecting previously unselected package openjdk-25-jdk:amd64.
Preparing to unpack …/7-openjdk-25-jdk_25.0.3~7ea-2_amd64.deb…
Unpacking openjdk-25-jdk:amd64 (25.0.3~7ea-2)…
Selecting previously unselected package default-jdk.
Preparing to unpack …/8-default-jdk_2%3a1.25-77_amd64.deb…
Unpacking default-jdk (2:1.25-77)…
Setting up apt-transport-https (3.2.0)…
Setting up openjdk-25-jre-headless:amd64 (25.0.3~7ea-2)…
update-alternatives: using /usr/lib/jvm/java-25-openjdk-amd64/bin/java to provide /usr/bin/java (java) in auto mode
update-alternatives: using /usr/lib/jvm/java-25-openjdk-amd64/bin/jpackage to provide /usr/bin/jpackage (jpackage) in auto mode
update-alternatives: using /usr/lib/jvm/java-25-openjdk-amd64/bin/keytool to provide /usr/bin/keytool (keytool) in auto mode
update-alternatives: using /usr/lib/jvm/java-25-openjdk-amd64/bin/rmiregistry to provide /usr/bin/rmiregistry (rmiregistry) in auto mode
update-alternatives: using /usr/lib/jvm/java-25-openjdk-amd64/lib/jexec to provide /usr/bin/jexec (jexec) in auto mode
Processing triggers for desktop-file-utils (0.28-1build1)…
Processing triggers for hicolor-icon-theme (0.18-2build1)…
Processing triggers for gnome-menus (3.38.1-1ubuntu1)…
Processing triggers for ca-certificates-java (20260311)…
done.
Setting up openjdk-25-jdk-headless:amd64 (25.0.3~7ea-2)…
update-alternatives: using /usr/lib/jvm/java-25-openjdk-amd64/bin/jar to provide /usr/bin/jar (jar) in auto mode
update-alternatives: using /usr/lib/jvm/java-25-openjdk-amd64/bin/jarsigner to provide /usr/bin/jarsigner (jarsigner) in auto mode
update-alternatives: using /usr/lib/jvm/java-25-openjdk-amd64/bin/javac to provide /usr/bin/javac (javac) in auto mode
update-alternatives: using /usr/lib/jvm/java-25-openjdk-amd64/bin/javadoc to provide /usr/bin/javadoc (javadoc) in auto mode
update-alternatives: using /usr/lib/jvm/java-25-openjdk-amd64/bin/javap to provide /usr/bin/javap (javap) in auto mode
update-alternatives: using /usr/lib/jvm/java-25-openjdk-amd64/bin/jcmd to provide /usr/bin/jcmd (jcmd) in auto mode
update-alternatives: using /usr/lib/jvm/java-25-openjdk-amd64/bin/jdb to provide /usr/bin/jdb (jdb) in auto mode
update-alternatives: using /usr/lib/jvm/java-25-openjdk-amd64/bin/jdeprscan to provide /usr/bin/jdeprscan (jdeprscan) in auto mode
update-alternatives: using /usr/lib/jvm/java-25-openjdk-amd64/bin/jdeps to provide /usr/bin/jdeps (jdeps) in auto mode
update-alternatives: using /usr/lib/jvm/java-25-openjdk-amd64/bin/jfr to provide /usr/bin/jfr (jfr) in auto mode
update-alternatives: using /usr/lib/jvm/java-25-openjdk-amd64/bin/jimage to provide /usr/bin/jimage (jimage) in auto mode
update-alternatives: using /usr/lib/jvm/java-25-openjdk-amd64/bin/jinfo to provide /usr/bin/jinfo (jinfo) in auto mode
update-alternatives: using /usr/lib/jvm/java-25-openjdk-amd64/bin/jlink to provide /usr/bin/jlink (jlink) in auto mode
update-alternatives: using /usr/lib/jvm/java-25-openjdk-amd64/bin/jmap to provide /usr/bin/jmap (jmap) in auto mode
update-alternatives: using /usr/lib/jvm/java-25-openjdk-amd64/bin/jmod to provide /usr/bin/jmod (jmod) in auto mode
update-alternatives: using /usr/lib/jvm/java-25-openjdk-amd64/bin/jnativescan to provide /usr/bin/jnativescan (jnativescan) in auto mode
update-alternatives: using /usr/lib/jvm/java-25-openjdk-amd64/bin/jps to provide /usr/bin/jps (jps) in auto mode
update-alternatives: using /usr/lib/jvm/java-25-openjdk-amd64/bin/jrunscript to provide /usr/bin/jrunscript (jrunscript) in auto mode
update-alternatives: using /usr/lib/jvm/java-25-openjdk-amd64/bin/jshell to provide /usr/bin/jshell (jshell) in auto mode
update-alternatives: using /usr/lib/jvm/java-25-openjdk-amd64/bin/jstack to provide /usr/bin/jstack (jstack) in auto mode
update-alternatives: using /usr/lib/jvm/java-25-openjdk-amd64/bin/jstat to provide /usr/bin/jstat (jstat) in auto mode
update-alternatives: using /usr/lib/jvm/java-25-openjdk-amd64/bin/jstatd to provide /usr/bin/jstatd (jstatd) in auto mode
update-alternatives: using /usr/lib/jvm/java-25-openjdk-amd64/bin/jwebserver to provide /usr/bin/jwebserver (jwebserver) in auto mode
update-alternatives: using /usr/lib/jvm/java-25-openjdk-amd64/bin/serialver to provide /usr/bin/serialver (serialver) in auto mode
update-alternatives: using /usr/lib/jvm/java-25-openjdk-amd64/bin/jhsdb to provide /usr/bin/jhsdb (jhsdb) in auto mode
Setting up openjdk-25-jre:amd64 (25.0.3~7ea-2)…
Setting up default-jre-headless (2:1.25-77)…
Setting up default-jre (2:1.25-77)…
Setting up default-jdk-headless (2:1.25-77)…
Setting up openjdk-25-jdk:amd64 (25.0.3~7ea-2)…
update-alternatives: using /usr/lib/jvm/java-25-openjdk-amd64/bin/jconsole to provide /usr/bin/jconsole (jconsole) in auto mode
Setting up default-jdk (2:1.25-77)…
Installing Ansible...
Hit:1 http://security.ubuntu.com/ubuntu resolute-security InRelease
Hit:2 https://dl.google.com/linux/chrome-stable/deb stable InRelease
Hit:3 http://archive.ubuntu.com/ubuntu resolute InRelease
Hit:4 http://archive.ubuntu.com/ubuntu resolute-updates InRelease
Ign:5 https://ppa.launchpadcontent.net/ansible/ansible/ubuntu resolute InRelease
Hit:6 http://archive.ubuntu.com/ubuntu resolute-backports InRelease
Err:7 https://ppa.launchpadcontent.net/ansible/ansible/ubuntu resolute Release
  404  Not Found [IP: 2620:2d:4000:1009::15f 443]
Hit:8 https://us-central1-apt.pkg.dev/projects/antigravity-auto-updater-dev antigravity-debian InRelease
Reading package lists...
E: The repository 'https://ppa.launchpadcontent.net/ansible/ansible/ubuntu resolute Release' does not have a Release file.
Repository: 'Types: deb
URIs: https://ppa.launchpadcontent.net/ansible/ansible/ubuntu/
Suites: resolute
Components: main
'
Description:
Ansible is a radically simple IT automation platform that makes your applications and systems easier to deploy. Avoid writing scripts or custom code to deploy and update your applications— automate in a language that approaches plain English, using SSH, with no agents to install on remote systems.

http://ansible.com/

If you face any issues while installing Ansible PPA, file an issue here:
https://github.com/ansible-community/ppa/issues
More info: https://launchpad.net/~ansible/+archive/ubuntu/ansible
Adding repository.
Reading package lists...
Building dependency tree...
Reading state information...
Solving dependencies...
The following packages were automatically installed and are no longer required:
  linux-headers-7.0.0-14 linux-headers-7.0.0-14-generic
  linux-image-unsigned-7.0.0-14-generic
  linux-main-modules-zfs-7.0.0-14-generic linux-modules-7.0.0-14-generic
  linux-tools-7.0.0-14 linux-tools-7.0.0-14-generic
Use 'sudo apt autoremove' to remove them.
The following additional packages will be installed:
  ansible-core python3-argcomplete python3-decorator python3-dnspython
  python3-gssapi python3-jmespath python3-kerberos python3-libcloud
  python3-pyspnego python3-requests-ntlm python3-resolvelib python3-selinux
  python3-winrm python3-xmltodict
Suggested packages:
  cowsay sshpass python3-aioquic python3-h2 python3-httpcore python3-httpx
  python3-trio
The following NEW packages will be installed:
  ansible ansible-core python3-argcomplete python3-decorator python3-dnspython
  python3-gssapi python3-jmespath python3-kerberos python3-libcloud
  python3-pyspnego python3-requests-ntlm python3-resolvelib python3-selinux
  python3-winrm python3-xmltodict
0 upgraded, 15 newly installed, 0 to remove and 0 not upgraded.
Need to get 22.4 MB of archives.
After this operation, 245 MB of additional disk space will be used.
Get:1 http://archive.ubuntu.com/ubuntu resolute/universe amd64 python3-resolvelib all 1.2.1-2 [26.1 kB]
Get:2 http://archive.ubuntu.com/ubuntu resolute/main amd64 python3-dnspython all 2.8.0-1ubuntu1 [178 kB]
Get:3 http://archive.ubuntu.com/ubuntu resolute/universe amd64 ansible-core all 2.20.1-1 [1,379 kB]
Get:4 http://archive.ubuntu.com/ubuntu resolute/universe amd64 ansible all 13.1.0+dfsg-1ubuntu1 [19.1 MB]
Get:5 http://archive.ubuntu.com/ubuntu resolute/universe amd64 python3-argcomplete all 3.6.3-1 [36.1 kB]
Get:6 http://archive.ubuntu.com/ubuntu resolute/main amd64 python3-decorator all 5.2.1-2 [28.1 kB]
Get:7 http://archive.ubuntu.com/ubuntu resolute/universe amd64 python3-gssapi amd64 1.10.1-1build1 [501 kB]
Get:8 http://archive.ubuntu.com/ubuntu resolute/main amd64 python3-jmespath all 1.0.1-1build1 [21.2 kB]
Get:9 http://archive.ubuntu.com/ubuntu resolute/universe amd64 python3-kerberos amd64 1.1.14-3.1build13 [20.9 kB]
Get:10 http://archive.ubuntu.com/ubuntu resolute/universe amd64 python3-libcloud all 3.8.0+repack-5ubuntu1 [827 kB]
Get:11 http://archive.ubuntu.com/ubuntu resolute/universe amd64 python3-pyspnego all 0.10.2-3 [96.4 kB]
Get:12 http://archive.ubuntu.com/ubuntu resolute/universe amd64 python3-requests-ntlm all 1.3.0-1 [7,652 B]
Get:13 http://archive.ubuntu.com/ubuntu resolute/universe amd64 python3-selinux amd64 3.9-4build1 [171 kB]
Get:14 http://archive.ubuntu.com/ubuntu resolute/main amd64 python3-xmltodict all 1.0.3-1 [19.4 kB]
Get:15 http://archive.ubuntu.com/ubuntu resolute/universe amd64 python3-winrm all 0.5.0-2build1 [37.7 kB]
debconf: unable to initialize frontend: Dialog
debconf: (Dialog frontend will not work on a dumb terminal, an emacs shell buffer, or without a controlling terminal.)
debconf: falling back to frontend: Readline
debconf: unable to initialize frontend: Readline
debconf: (This frontend requires a controlling tty.)
debconf: falling back to frontend: Teletype
debconf: unable to initialize frontend: Teletype
debconf: (This frontend requires a controlling tty.)
debconf: falling back to frontend: Noninteractive
Fetched 22.4 MB in 41s (552 kB/s)
Selecting previously unselected package python3-resolvelib.
(Reading database… (Reading database… 5%(Reading database… 10%(Reading database… 15%(Reading database… 20%(Reading database… 25%(Reading database… 30%(Reading database… 35%(Reading database… 40%(Reading database… 45%(Reading database… 50%(Reading database… 55%(Reading database… 60%(Reading database… 65%(Reading database… 70%(Reading database… 75%(Reading database… 80%(Reading database… 85%(Reading database… 90%(Reading database… 95%(Reading database… 100%(Reading database… 253178 files and directories currently installed.)
Preparing to unpack …/00-python3-resolvelib_1.2.1-2_all.deb…
Unpacking python3-resolvelib (1.2.1-2)…
Selecting previously unselected package python3-dnspython.
Preparing to unpack …/01-python3-dnspython_2.8.0-1ubuntu1_all.deb…
Unpacking python3-dnspython (2.8.0-1ubuntu1)…
Selecting previously unselected package ansible-core.
Preparing to unpack …/02-ansible-core_2.20.1-1_all.deb…
Unpacking ansible-core (2.20.1-1)…
Selecting previously unselected package ansible.
Preparing to unpack …/03-ansible_13.1.0+dfsg-1ubuntu1_all.deb…
Unpacking ansible (13.1.0+dfsg-1ubuntu1)…
Selecting previously unselected package python3-argcomplete.
Preparing to unpack …/04-python3-argcomplete_3.6.3-1_all.deb…
Unpacking python3-argcomplete (3.6.3-1)…
Selecting previously unselected package python3-decorator.
Preparing to unpack …/05-python3-decorator_5.2.1-2_all.deb…
Unpacking python3-decorator (5.2.1-2)…
Selecting previously unselected package python3-gssapi.
Preparing to unpack …/06-python3-gssapi_1.10.1-1build1_amd64.deb…
Unpacking python3-gssapi (1.10.1-1build1)…
Selecting previously unselected package python3-jmespath.
Preparing to unpack …/07-python3-jmespath_1.0.1-1build1_all.deb…
Unpacking python3-jmespath (1.0.1-1build1)…
Selecting previously unselected package python3-kerberos.
Preparing to unpack …/08-python3-kerberos_1.1.14-3.1build13_amd64.deb…
Unpacking python3-kerberos (1.1.14-3.1build13)…
Selecting previously unselected package python3-libcloud.
Preparing to unpack …/09-python3-libcloud_3.8.0+repack-5ubuntu1_all.deb…
Unpacking python3-libcloud (3.8.0+repack-5ubuntu1)…
Selecting previously unselected package python3-pyspnego.
Preparing to unpack …/10-python3-pyspnego_0.10.2-3_all.deb…
Unpacking python3-pyspnego (0.10.2-3)…
Selecting previously unselected package python3-requests-ntlm.
Preparing to unpack …/11-python3-requests-ntlm_1.3.0-1_all.deb…
Unpacking python3-requests-ntlm (1.3.0-1)…
Selecting previously unselected package python3-selinux.
Preparing to unpack …/12-python3-selinux_3.9-4build1_amd64.deb…
Unpacking python3-selinux (3.9-4build1)…
Selecting previously unselected package python3-xmltodict.
Preparing to unpack …/13-python3-xmltodict_1.0.3-1_all.deb…
Unpacking python3-xmltodict (1.0.3-1)…
Selecting previously unselected package python3-winrm.
Preparing to unpack …/14-python3-winrm_0.5.0-2build1_all.deb…
Unpacking python3-winrm (0.5.0-2build1)…
Setting up python3-resolvelib (1.2.1-2)…
Setting up python3-kerberos (1.1.14-3.1build13)…
Setting up python3-libcloud (3.8.0+repack-5ubuntu1)…
Setting up python3-decorator (5.2.1-2)…
Setting up python3-xmltodict (1.0.3-1)…
Setting up python3-gssapi (1.10.1-1build1)…
Setting up python3-jmespath (1.0.1-1build1)…
Setting up python3-pyspnego (0.10.2-3)…
Setting up python3-dnspython (2.8.0-1ubuntu1)…
Setting up python3-selinux (3.9-4build1)…
Setting up python3-argcomplete (3.6.3-1)…
Setting up python3-requests-ntlm (1.3.0-1)…
Setting up ansible-core (2.20.1-1)…
Setting up python3-winrm (0.5.0-2build1)…
Setting up ansible (13.1.0+dfsg-1ubuntu1)…
Processing triggers for man-db (2.13.1-1build1)…
Installing Nginx...
Reading package lists...
Building dependency tree...
Reading state information...
Solving dependencies...
The following packages were automatically installed and are no longer required:
  linux-headers-7.0.0-14 linux-headers-7.0.0-14-generic
  linux-image-unsigned-7.0.0-14-generic
  linux-main-modules-zfs-7.0.0-14-generic linux-modules-7.0.0-14-generic
  linux-tools-7.0.0-14 linux-tools-7.0.0-14-generic
Use 'sudo apt autoremove' to remove them.
The following additional packages will be installed:
  nginx-common
Suggested packages:
  fcgiwrap nginx-doc
The following NEW packages will be installed:
  nginx nginx-common
0 upgraded, 2 newly installed, 0 to remove and 0 not upgraded.
Need to get 652 kB of archives.
After this operation, 1,853 kB of additional disk space will be used.
Get:1 http://archive.ubuntu.com/ubuntu resolute/main amd64 nginx-common all 1.28.3-2ubuntu1 [36.4 kB]
Get:2 http://archive.ubuntu.com/ubuntu resolute/main amd64 nginx amd64 1.28.3-2ubuntu1 [616 kB]
debconf: unable to initialize frontend: Dialog
debconf: (Dialog frontend will not work on a dumb terminal, an emacs shell buffer, or without a controlling terminal.)
debconf: falling back to frontend: Readline
debconf: unable to initialize frontend: Readline
debconf: (This frontend requires a controlling tty.)
debconf: falling back to frontend: Teletype
debconf: unable to initialize frontend: Teletype
debconf: (This frontend requires a controlling tty.)
debconf: falling back to frontend: Noninteractive
Preconfiguring packages ...
Fetched 652 kB in 2s (393 kB/s)
Selecting previously unselected package nginx-common.
(Reading database… (Reading database… 5%(Reading database… 10%(Reading database… 15%(Reading database… 20%(Reading database… 25%(Reading database… 30%(Reading database… 35%(Reading database… 40%(Reading database… 45%(Reading database… 50%(Reading database… 55%(Reading database… 60%(Reading database… 65%(Reading database… 70%(Reading database… 75%(Reading database… 80%(Reading database… 85%(Reading database… 90%(Reading database… 95%(Reading database… 100%(Reading database… 279568 files and directories currently installed.)
Preparing to unpack …/nginx-common_1.28.3-2ubuntu1_all.deb…
Unpacking nginx-common (1.28.3-2ubuntu1)…
Selecting previously unselected package nginx.
Preparing to unpack …/nginx_1.28.3-2ubuntu1_amd64.deb…
Unpacking nginx (1.28.3-2ubuntu1)…
Setting up nginx-common (1.28.3-2ubuntu1)…
debconf: unable to initialize frontend: Dialog
debconf: (Dialog frontend will not work on a dumb terminal, an emacs shell buffer, or without a controlling terminal.)
debconf: falling back to frontend: Readline
Created symlink '/etc/systemd/system/multi-user.target.wants/nginx.service' → '/usr/lib/systemd/system/nginx.service'.
Setting up nginx (1.28.3-2ubuntu1)…
 * Upgrading binary nginx
   ...done.
Processing triggers for man-db (2.13.1-1build1)…
Processing triggers for ufw (0.36.2-9build1)…
Installing kubectl...
  % Total    % Received % Xferd  Average Speed  Time    Time    Time   Current
                                 Dload  Upload  Total   Spent   Left   Speed
  0      0   0      0   0      0      0      0                              0  0      0   0      0   0      0      0      0           00:01              0  0 56.74M   0  32490   0      0  12299      0 1:20:38   00:02 1:20:36  12302  1 56.74M   1 767.6k   0      0 208.9k      0   04:38   00:03   04:35 208.9k  1 56.74M   1  1.00M   0      0 212.0k      0   04:34   00:04   04:30 211.9k  2 56.74M   2  1.23M   0      0 213.2k      0   04:32   00:05   04:27 213.2k  3 56.74M   3  2.00M   0      0 285.8k      0   03:23   00:07   03:16 367.9k  3 56.74M   3  2.00M   0      0 250.7k      0   03:51   00:08   03:43 364.8k  3 56.74M   3  2.00M   0      0 223.3k      0   04:20   00:09   04:11 232.9k  5 56.74M   5  3.00M   0      0 281.7k      0   03:26   00:10   03:16 337.3k  5 56.74M   5  3.00M   0      0 258.0k      0   03:45   00:11   03:34 302.4k  5 56.74M   5  3.34M   0      0 265.3k      0   03:38   00:12   03:26 239.7k  7 56.74M   7  4.00M   0      0 282.2k      0   03:25   00:14   03:11 322.8k  8 56.74M   8  5.00M   0      0 311.2k      0   03:06   00:16   02:50 422.0k 10 56.74M  10  6.00M   0      0 334.9k      0   02:53   00:18   02:35 412.8k 10 56.74M  10  6.00M   0      0 317.6k      0   03:02   00:19   02:43 412.8k 12 56.74M  12  7.00M   0      0 344.8k      0   02:48   00:20   02:28 475.0k 12 56.74M  12  7.00M   0      0 329.0k      0   02:56   00:21   02:35 422.3k 12 56.74M  12  7.00M   0      0 314.5k      0   03:04   00:22   02:42 323.0k 14 56.74M  14  8.00M   0      0 336.6k      0   02:52   00:24   02:28 341.8k 15 56.74M  15  8.97M   0      0 359.1k      0   02:41   00:25   02:16 487.7k 15 56.74M  15  9.00M   0      0 346.6k      0   02:47   00:26   02:21 352.7k 17 56.74M  17 10.00M   0      0 360.1k      0   02:41   00:28   02:13 462.3k 18 56.74M  18 10.48M   0      0 364.3k      0   02:39   00:29   02:10 533.7k 19 56.74M  19 11.00M   0      0 366.9k      0   02:38   00:30   02:08 483.0k 19 56.74M  19 11.00M   0      0 355.3k      0   02:43   00:31   02:12 339.7k 20 56.74M  20 11.87M   0      0 371.4k      0   02:36   00:32   02:04 478.8k 21 56.74M  21 12.00M   0      0 363.9k      0   02:39   00:33   02:06 384.3k 21 56.74M  21 12.34M   0      0 363.1k      0   02:40   00:34   02:06 356.4k 22 56.74M  22 13.00M   0      0 368.9k      0   02:37   00:36   02:01 380.0k 24 56.74M  24 14.00M   0      0 376.6k      0   02:34   00:38   01:56 482.5k 24 56.74M  24 14.00M   0      0 367.0k      0   02:38   00:39   01:59 343.8k 25 56.74M  25 14.29M   0      0 364.6k      0   02:39   00:40   01:59 368.3k 26 56.74M  26 15.00M   0      0 369.7k      0   02:37   00:41   01:56 403.6k 28 56.74M  28 16.00M   0      0 380.3k      0   02:32   00:43   01:49 439.1k 28 56.74M  28 16.42M   0      0 381.4k      0   02:32   00:44   01:48 411.8k 29 56.74M  29 17.00M   0      0 384.5k      0   02:31   00:45   01:46 494.7k 31 56.74M  31 18.00M   0      0 390.6k      0   02:28   00:47   01:41 537.9k 32 56.74M  32 18.38M   0      0 390.6k      0   02:28   00:48   01:40 521.8k 33 56.74M  33 19.00M   0      0 394.1k      0   02:27   00:49   01:38 488.5k 33 56.74M  33 19.00M   0      0 386.2k      0   02:30   00:50   01:40 419.3k 33 56.74M  33 19.00M   0      0 378.6k      0   02:33   00:51   01:42 335.3k 35 56.74M  35 20.00M   0      0 389.2k      0   02:29   00:52   01:37 377.1k 37 56.74M  37 21.00M   0      0 394.9k      0   02:27   00:54   01:33 427.6k 37 56.74M  37 21.00M   0      0 387.7k      0   02:29   00:55   01:34 336.4k 38 56.74M  38 22.00M   0      0 395.8k      0   02:26   00:56   01:30 469.7k 39 56.74M  39 22.59M   0      0 399.2k      0   02:25   00:57   01:28 560.2k 40 56.74M  40 23.00M   0      0 399.0k      0   02:25   00:59   01:26 479.4k 42 56.74M  42 23.98M   0      0 409.1k      0   02:22   01:00   01:22 548.3k 42 56.74M  42 24.00M   0      0 402.6k      0   02:24   01:01   01:23 549.7k 43 56.74M  43 24.56M   0      0 405.4k      0   02:23   01:02   01:21 512.2k 44 56.74M  44 25.00M   0      0 405.4k      0   02:23   01:03   01:20 474.3k 45 56.74M  45 25.97M   0      0 414.6k      0   02:20   01:04   01:16 594.9k 45 56.74M  45 26.00M   0      0 408.6k      0   02:22   01:05   01:17 402.3k 47 56.74M  47 26.92M   0      0 416.8k      0   02:19   01:06   01:13 586.1k 47 56.74M  47 27.00M   0      0 411.6k      0   02:21   01:07   01:14 487.5k 47 56.74M  47 27.00M   0      0 405.6k      0   02:23   01:08   01:15 408.2k 47 56.74M  47 27.00M   0      0 399.7k      0   02:25   01:09   01:16 209.7k 49 56.74M  49 28.00M   0      0 405.6k      0   02:23   01:10   01:13 369.7k 51 56.74M  51 28.98M   0      0 414.0k      0   02:20   01:11   01:09 380.6k 51 56.74M  51 29.00M   0      0 408.4k      0   02:22   01:12   01:10 369.7k 52 56.74M  52 29.82M   0      0 414.4k      0   02:20   01:13   01:07 522.8k 52 56.74M  52 30.00M   0      0 410.9k      0   02:21   01:14   01:07 550.1k 52 56.74M  52 30.00M   0      0 405.5k      0   02:23   01:15   01:08 404.9k 52 56.74M  52 30.00M   0      0 400.2k      0   02:25   01:16   01:09 205.6k 54 56.74M  54 31.00M   0      0 405.5k      0   02:23   01:18   01:05 367.6k 56 56.74M  56 32.00M   0      0 408.5k      0   02:22   01:20   01:02 341.9k 58 56.74M  58 33.00M   0      0 415.7k      0   02:19   01:21   00:58 469.5k 58 56.74M  58 33.00M   0      0 410.6k      0   02:21   01:22   00:59 469.5k 59 56.74M  59 33.89M   0      0 416.5k      0   02:19   01:23   00:56 606.2k 59 56.74M  59 34.00M   0      0 412.7k      0   02:20   01:24   00:56 505.4k 60 56.74M  60 34.59M   0      0 414.6k      0   02:20   01:25   00:55 507.6k 61 56.74M  61 35.00M   0      0 413.7k      0   02:20   01:26   00:54 384.5k 63 56.74M  63 36.00M   0      0 417.7k      0   02:19   01:28   00:51 516.3k 63 56.74M  63 36.00M   0      0 413.0k      0   02:20   01:29   00:51 364.1k 63 56.74M  63 36.00M   0      0 408.5k      0   02:22   01:30   00:52 347.5k 65 56.74M  65 37.00M   0      0 412.1k      0   02:20   01:31   00:49 379.6k 65 56.74M  65 37.41M   0      0 412.1k      0   02:20   01:32   00:48 389.2k 66 56.74M  66 38.00M   0      0 412.7k      0   02:20   01:34   00:46 339.2k 68 56.74M  68 39.00M   0      0 415.4k      0   02:19   01:36   00:43 445.4k 70 56.74M  70 40.00M   0      0 417.9k      0   02:19   01:37   00:42 527.8k 70 56.74M  70 40.00M   0      0 413.7k      0   02:20   01:39   00:41 434.2k 72 56.74M  72 40.95M   0      0 417.9k      0   02:19   01:40   00:39 491.0k 72 56.74M  72 41.00M   0      0 414.2k      0   02:20   01:41   00:39 433.8k 72 56.74M  72 41.35M   0      0 413.6k      0   02:20   01:42   00:38 386.0k 74 56.74M  74 42.00M   0      0 413.8k      0   02:20   01:43   00:37 345.5k 75 56.74M  75 43.00M   0      0 416.2k      0   02:19   01:45   00:34 452.6k 77 56.74M  77 43.89M   0      0 420.5k      0   02:18   01:46   00:32 460.0k 77 56.74M  77 44.00M   0      0 417.5k      0   02:19   01:47   00:32 469.1k 79 56.74M  79 45.00M   0      0 419.7k      0   02:18   01:49   00:29 503.8k 80 56.74M  80 45.74M   0      0 422.7k      0   02:17   01:50   00:27 557.9k 81 56.74M  81 46.00M   0      0 420.5k      0   02:18   01:51   00:27 494.7k 82 56.74M  82 47.00M   0      0 423.3k      0   02:17   01:53   00:24 467.5k 83 56.74M  83 47.58M   0      0 424.7k      0   02:16   01:54   00:22 538.8k 84 56.74M  84 48.00M   0      0 423.8k      0   02:17   01:55   00:22 497.6k 86 56.74M  86 49.00M   0      0 426.1k      0   02:16   01:57   00:19 479.3k 87 56.74M  87 49.71M   0      0 428.5k      0   02:15   01:58   00:17 559.1k 88 56.74M  88 50.00M   0      0 427.1k      0   02:16   01:59   00:17 497.6k 89 56.74M  89 50.62M   0      0 428.3k      0   02:15   02:01   00:14 493.7k 89 56.74M  89 51.00M   0      0 427.6k      0   02:15   02:02   00:13 498.9k 91 56.74M  91 52.00M   0      0 431.2k      0   02:14   02:03   00:11 536.6k 91 56.74M  91 52.00M   0      0 427.7k      0   02:15   02:04   00:11 411.7k 93 56.74M  93 53.00M   0      0 430.2k      0   02:15   02:06   00:09 490.1k 95 56.74M  95 53.91M   0      0 434.1k      0   02:13   02:07   00:06 547.9k 95 56.74M  95 54.00M   0      0 431.4k      0   02:14   02:08   00:06 507.3k 96 56.74M  96 55.00M   0      0 433.3k      0   02:14   02:09   00:05 473.5k 96 56.74M  96 55.00M   0      0 430.0k      0   02:15   02:10   00:05 473.6k 98 56.74M  98 56.00M   0      0 431.7k      0   02:14   02:12   00:02 459.0k 99 56.74M  99 56.20M   0      0 430.0k      0   02:15   02:13   00:02 351.8k100 56.74M 100 56.74M   0      0 433.8k      0   02:13   02:13         351.8k100 56.74M 100 56.74M   0      0 433.8k      0   02:13   02:13         351.8k100 56.74M 100 56.74M   0      0 433.8k      0   02:13   02:13         351.8k
Installing Minikube...
  % Total    % Received % Xferd  Average Speed  Time    Time    Time   Current
                                 Dload  Upload  Total   Spent   Left   Speed
  0      0   0      0   0      0      0      0                              0  0 128.6M   0  19840   0      0  17496      0 2:08:29   00:01 2:08:28  17511  0 128.6M   0 347.4k   0      0 160.4k      0   13:41   00:02   13:39 160.4k  3 128.6M   3  5.02M   0      0  1.58M      0   01:21   00:03   01:18  1.58M 10 128.6M  10 14.09M   0      0  3.37M      0   00:38   00:04   00:34  3.37M 18 128.6M  18 23.46M   0      0  4.53M      0   00:28   00:05   00:23  4.53M 24 128.6M  24 32.02M   0      0  5.19M      0   00:24   00:06   00:18  6.35M 30 128.6M  30 39.71M   0      0  5.53M      0   00:23   00:07   00:16  7.86M 37 128.6M  37 47.65M   0      0  5.83M      0   00:22   00:08   00:14  8.52M 43 128.6M  43 56.43M   0      0  6.15M      0   00:20   00:09   00:11  8.46M 50 128.6M  50 64.77M   0      0  6.36M      0   00:20   00:10   00:10  8.26M 57 128.6M  57 73.71M   0      0  6.59M      0   00:19   00:11   00:08  8.33M 64 128.6M  64 82.88M   0      0  6.80M      0   00:18   00:12   00:06  8.63M 70 128.6M  70 90.24M   0      0  6.84M      0   00:18   00:13   00:05  8.51M 76 128.6M  76 98.77M   0      0  6.95M      0   00:18   00:14   00:04  8.42M 83 128.6M  83 107.2M   0      0  7.05M      0   00:18   00:15   00:03  8.44M 88 128.6M  88 114.4M   0      0  7.06M      0   00:18   00:16   00:02  8.10M 95 128.6M  95 122.4M   0      0  7.11M      0   00:18   00:17   00:01  7.85M 99 128.6M  99 128.0M   0      0  7.03M      0   00:18   00:18          7.51M100 128.6M 100 128.6M   0      0  6.99M      0   00:18   00:18          7.51M100 128.6M 100 128.6M   0      0  6.99M      0   00:18   00:18          7.51M100 128.6M 100 128.6M   0      0  6.99M      0   00:18   00:18          7.51M
Installing Jenkins...
Ign:1 https://pkg.jenkins.io/debian-stable binary/ InRelease
Get:2 https://pkg.jenkins.io/debian-stable binary/ Release [2,044 B]
Hit:3 http://security.ubuntu.com/ubuntu resolute-security InRelease
Hit:4 https://dl.google.com/linux/chrome-stable/deb stable InRelease
Get:5 https://pkg.jenkins.io/debian-stable binary/ Release.gpg [833 B]
Ign:5 https://pkg.jenkins.io/debian-stable binary/ Release.gpg
Hit:6 http://archive.ubuntu.com/ubuntu resolute InRelease
Ign:7 https://ppa.launchpadcontent.net/ansible/ansible/ubuntu resolute InRelease
Hit:8 https://us-central1-apt.pkg.dev/projects/antigravity-auto-updater-dev antigravity-debian InRelease
Err:9 https://ppa.launchpadcontent.net/ansible/ansible/ubuntu resolute Release
  404  Not Found [IP: 2620:2d:4000:1009::12c 443]
Hit:10 http://archive.ubuntu.com/ubuntu resolute-updates InRelease
Hit:11 http://archive.ubuntu.com/ubuntu resolute-backports InRelease
Reading package lists...
W: OpenPGP signature verification failed: https://pkg.jenkins.io/debian-stable binary/ Release: The following signatures couldn't be verified because the public key is not available: NO_PUBKEY 7198F4B714ABFC68
E: The repository 'https://pkg.jenkins.io/debian-stable binary/ Release' is not signed.
E: The repository 'https://ppa.launchpadcontent.net/ansible/ansible/ubuntu resolute Release' does not have a Release file.
Master Setup Complete.
